elapsed_seconds,source_rss_bytes,target_rss_bytes,source_cpu_seconds,target_cpu_seconds
0.001,526987264,544768,0.000,0.000
0.202,527298560,10956800,0.050,0.010
0.403,527302656,10989568,0.130,0.020
0.603,528338944,10989568,0.190,0.020
0.804,528371712,10989568,0.270,0.030
1.005,528375808,10989568,0.330,0.030
1.205,528375808,10989568,0.410,0.030
1.406,528379904,10989568,0.480,0.030
1.607,528379904,10989568,0.540,0.030
1.807,528384000,10989568,0.600,0.030
2.008,528384000,10993664,0.670,0.040
2.209,528560128,10993664,0.740,0.040
2.409,528601088,10993664,0.820,0.050
2.610,528617472,10993664,0.880,0.050
2.810,528617472,10993664,0.940,0.050
3.011,528633856,10993664,1.010,0.050
3.212,528633856,10997760,1.070,0.050
3.412,528658432,11001856,1.120,0.060
3.613,528658432,11001856,1.200,0.070
3.814,528658432,11001856,1.270,0.070
4.014,528658432,11001856,1.330,0.070
4.215,528666624,11001856,1.380,0.070
4.416,528666624,11001856,1.460,0.070
4.616,528666624,11001856,1.520,0.080
4.817,528666624,11001856,1.590,0.080
5.018,528666624,11001856,1.670,0.080
5.218,528666624,11001856,1.730,0.090
5.419,528666624,11001856,1.810,0.090
5.619,528666624,11001856,1.880,0.100
5.820,528666624,11001856,1.950,0.100
6.021,528666624,11001856,2.010,0.100
6.222,528666624,11001856,2.090,0.100
6.422,528666624,11001856,2.160,0.110
6.623,528666624,11001856,2.230,0.110
6.824,528666624,11001856,2.300,0.110
7.024,528666624,11001856,2.360,0.110
7.225,528666624,11001856,2.430,0.120
7.426,528666624,11001856,2.510,0.120
7.627,528666624,11001856,2.570,0.120
7.827,528666624,11001856,2.650,0.130
8.028,528666624,11001856,2.710,0.130
8.229,528666624,11001856,2.790,0.130
8.430,528666624,11001856,2.850,0.130
8.630,528666624,11001856,2.930,0.140
8.831,528666624,11001856,3.000,0.140
9.032,528666624,11001856,3.070,0.140
9.232,528666624,11001856,3.140,0.140
9.433,528666624,11001856,3.210,0.150
9.633,528666624,11001856,3.290,0.150
9.834,528666624,11001856,3.360,0.150
10.035,528666624,11001856,3.430,0.150
10.235,528666624,11001856,3.500,0.150
10.436,528666624,11001856,3.570,0.170
10.637,528666624,11001856,3.640,0.170
10.837,528666624,11001856,3.710,0.170
11.038,528666624,11001856,3.780,0.170
11.239,528666624,11001856,3.850,0.180
11.439,528666624,11001856,3.900,0.180
11.640,528666624,11001856,3.970,0.180
11.841,528666624,11001856,4.030,0.190
12.041,528666624,11001856,4.100,0.190
12.242,528666624,11001856,4.160,0.190
12.442,528666624,11001856,4.230,0.190
12.644,528666624,11001856,4.310,0.200
12.844,528666624,11001856,4.370,0.200
13.045,528666624,11001856,4.440,0.200
13.245,528666624,11001856,4.510,0.200
13.446,528666624,11001856,4.580,0.200
13.647,528666624,11001856,4.650,0.210
13.848,528666624,11001856,4.720,0.210
14.048,528666624,11001856,4.790,0.210
14.249,528666624,11005952,4.840,0.220
14.449,528666624,11005952,4.920,0.220
14.650,528666624,11005952,4.990,0.220
14.851,528666624,11005952,5.070,0.230
15.051,528666624,11005952,5.130,0.230
15.252,528666624,11005952,5.200,0.230
15.453,528666624,11005952,5.260,0.230
15.653,528666624,11005952,5.320,0.240
15.854,528666624,11005952,5.390,0.240
16.055,528666624,11005952,5.440,0.240
16.255,528666624,11005952,5.510,0.250
16.456,528666624,11005952,5.590,0.250
16.657,528666624,11005952,5.650,0.250
16.858,528666624,11005952,5.720,0.250
17.058,528666624,11005952,5.790,0.250
17.259,528666624,11005952,5.870,0.260
17.460,528666624,11005952,5.940,0.260
17.660,528666624,11005952,5.980,0.260
17.860,528666624,11005952,6.050,0.270
18.061,528666624,11005952,6.110,0.280
18.262,528666624,11005952,6.180,0.280
18.463,528666624,11005952,6.240,0.280
18.663,528666624,11005952,6.310,0.280
18.864,528666624,11005952,6.380,0.290
19.064,528666624,11005952,6.440,0.290
19.265,528666624,11005952,6.510,0.290
19.466,528666624,11005952,6.580,0.290
19.667,528666624,11005952,6.650,0.290
19.867,528674816,11005952,6.710,0.300
20.068,528674816,11005952,6.780,0.300
20.269,528674816,11010048,6.860,0.300
20.469,528674816,11010048,6.920,0.310
20.670,528674816,11010048,7.000,0.310
20.871,528674816,11010048,7.060,0.310
21.071,528674816,11010048,7.130,0.320
21.272,528674816,11010048,7.200,0.320
21.473,528674816,11010048,7.270,0.320
21.673,528674816,11010048,7.350,0.330
21.874,528674816,11010048,7.420,0.330
22.075,528674816,11010048,7.460,0.330
22.275,528674816,11010048,7.540,0.330
22.476,528674816,11010048,7.600,0.340
22.677,528674816,11010048,7.660,0.340
22.877,528674816,11010048,7.730,0.340
23.078,528674816,11010048,7.800,0.350
23.279,528674816,11010048,7.860,0.350
23.479,528674816,11010048,7.910,0.350
23.680,528674816,11010048,7.990,0.350
23.881,528674816,11010048,8.050,0.360
24.081,528674816,11010048,8.120,0.360
24.282,528674816,11010048,8.190,0.360
24.483,528674816,11010048,8.270,0.360
24.684,528674816,11010048,8.330,0.370
24.884,528674816,11010048,8.400,0.370
25.085,528674816,11010048,8.440,0.370
25.285,528674816,11010048,8.520,0.370
25.486,528674816,11010048,8.570,0.370
25.687,528674816,11010048,8.630,0.370
25.887,528674816,11010048,8.690,0.380
26.088,528674816,11014144,8.740,0.390
26.288,528674816,11014144,8.810,0.390
26.489,528674816,11014144,8.860,0.390
26.690,528674816,11014144,8.930,0.390
26.891,528674816,11014144,9.000,0.400
27.091,528674816,11014144,9.060,0.400
27.292,528674816,11014144,9.130,0.400
27.493,528674816,11014144,9.200,0.400
27.693,528674816,11014144,9.270,0.400
27.894,528674816,11014144,9.350,0.410
28.095,528674816,11014144,9.410,0.420
28.296,528674816,11014144,9.490,0.420
28.496,528674816,11014144,9.540,0.420
28.697,528674816,11014144,9.610,0.420
28.897,528674816,11014144,9.680,0.420
29.098,528674816,11018240,9.740,0.430
29.299,528678912,11018240,9.810,0.430
29.499,528678912,11018240,9.880,0.430
29.700,528678912,11018240,9.940,0.430
29.900,528678912,11018240,10.010,0.430
30.101,528678912,11018240,10.080,0.440
30.302,528678912,11018240,10.140,0.440
30.502,528678912,11018240,10.210,0.450
30.703,528678912,11018240,10.280,0.450
30.904,528678912,11018240,10.350,0.450
31.104,528678912,11018240,10.420,0.460
31.305,528678912,11018240,10.490,0.460
31.506,528678912,11018240,10.560,0.460
31.707,528678912,11018240,10.620,0.460
31.907,528678912,11018240,10.700,0.460
32.108,528678912,11018240,10.760,0.470
32.308,528678912,11018240,10.830,0.470
32.509,528678912,11018240,10.880,0.480
32.709,528678912,11018240,10.950,0.480
32.910,528678912,11018240,11.020,0.490
33.111,528678912,11018240,11.090,0.490
33.312,528678912,11018240,11.160,0.490
33.512,528678912,11018240,11.230,0.490
33.713,528678912,11018240,11.290,0.490
33.914,528678912,11018240,11.370,0.490
34.114,528678912,11018240,11.420,0.500
34.315,528678912,11018240,11.490,0.500
34.516,528678912,11018240,11.560,0.500
34.716,528683008,11018240,11.620,0.510
34.917,528683008,11018240,11.700,0.510
35.118,528683008,11018240,11.760,0.510
35.319,528683008,11018240,11.840,0.520
35.519,528683008,11018240,11.900,0.520
35.720,528683008,11018240,11.980,0.520
35.921,528683008,11018240,12.040,0.520
36.121,528683008,11018240,12.110,0.530
36.322,528683008,11018240,12.170,0.530
36.523,528683008,11018240,12.240,0.540
36.724,528683008,11018240,12.310,0.540
36.924,528683008,11018240,12.370,0.540
37.125,528683008,11018240,12.420,0.540
37.326,528683008,11018240,12.500,0.540
37.527,528683008,11018240,12.570,0.550
37.727,528683008,11018240,12.630,0.550
37.928,528683008,11018240,12.700,0.550
38.128,528683008,11018240,12.770,0.560
38.329,528683008,11018240,12.840,0.560
38.530,528683008,11018240,12.900,0.560
38.730,528683008,11018240,12.980,0.560
38.931,528683008,11018240,13.040,0.570
39.132,528683008,11018240,13.120,0.570
39.332,528683008,11018240,13.190,0.570
39.533,528683008,11018240,13.250,0.570
39.734,528683008,11018240,13.320,0.580
39.934,528683008,11018240,13.390,0.580
40.135,528683008,11018240,13.460,0.590
40.336,528683008,11018240,13.520,0.590
40.536,528683008,11018240,13.600,0.600
40.737,528683008,11018240,13.670,0.600
40.938,528683008,11018240,13.730,0.600
41.138,528683008,11018240,13.810,0.600
41.339,528683008,11018240,13.870,0.610
41.540,528683008,11018240,13.950,0.610
41.740,528683008,11018240,14.010,0.610
41.941,528683008,11018240,14.070,0.620
42.142,528683008,11018240,14.150,0.620
42.343,528683008,11018240,14.220,0.620
42.543,528683008,11018240,14.290,0.620
42.744,528683008,11018240,14.350,0.620
42.945,528683008,11018240,14.380,0.620
43.145,528683008,11018240,14.420,0.620
43.345,528683008,11018240,14.470,0.630
43.546,528683008,11018240,14.540,0.630
43.746,528683008,11018240,14.600,0.640
43.947,528683008,11018240,14.670,0.640
44.148,528683008,11018240,14.720,0.640
44.348,528683008,11018240,14.770,0.640
44.549,528683008,11018240,14.820,0.650
44.750,528683008,11018240,14.870,0.650
44.950,528683008,11018240,14.920,0.650
45.151,528683008,11018240,14.970,0.650
45.351,528683008,11018240,15.040,0.650
45.551,528683008,11018240,15.080,0.650
45.752,528683008,11018240,15.140,0.650
45.952,528683008,11018240,15.210,0.660
46.153,528683008,11018240,15.270,0.660
46.353,528683008,11018240,15.350,0.660
46.554,528683008,11018240,15.410,0.660
46.755,528683008,11018240,15.480,0.670
46.955,528683008,11018240,15.550,0.680
47.156,528683008,11018240,15.620,0.680
47.357,528683008,11018240,15.690,0.680
47.557,528683008,11018240,15.760,0.690
47.758,528683008,11018240,15.820,0.690
47.959,528683008,11018240,15.900,0.690
48.159,528683008,11018240,15.960,0.700
48.360,528683008,11018240,16.040,0.700
48.560,528683008,11018240,16.100,0.700
48.761,528683008,11018240,16.130,0.700
48.961,528683008,11018240,16.200,0.700
49.162,528683008,11018240,16.270,0.700
49.363,528683008,11018240,16.350,0.710
49.563,528683008,11018240,16.420,0.710
49.764,528683008,11018240,16.480,0.710
49.965,528683008,11018240,16.530,0.710
50.165,528683008,11022336,16.590,0.720
50.366,528683008,11022336,16.660,0.720
50.567,528683008,11022336,16.720,0.720
50.767,528683008,11022336,16.800,0.720
50.968,528691200,11022336,16.870,0.740
51.169,528691200,11022336,16.940,0.740
51.369,528691200,11022336,17.010,0.740
51.570,528691200,11022336,17.070,0.740
51.771,528691200,11022336,17.140,0.740
51.972,528691200,11022336,17.210,0.740
52.173,528691200,11022336,17.290,0.750
52.373,528691200,11022336,17.350,0.750
52.574,528691200,11022336,17.420,0.750
52.775,528691200,11022336,17.480,0.750
52.975,528691200,11022336,17.540,0.750
53.176,528691200,11026432,17.610,0.760
53.377,528691200,11026432,17.670,0.760
53.577,528691200,11026432,17.740,0.770
53.778,528691200,11026432,17.810,0.770
53.979,528691200,11026432,17.890,0.780
54.179,528691200,11026432,17.950,0.780
54.380,528691200,11026432,18.010,0.780
54.580,528691200,11026432,18.080,0.790
54.781,528691200,11026432,18.150,0.790
54.982,528691200,11026432,18.220,0.790
55.183,528691200,11026432,18.280,0.790
55.383,528691200,11026432,18.350,0.790
55.584,528691200,11026432,18.410,0.800
55.785,528691200,11026432,18.480,0.800
55.985,528691200,11026432,18.550,0.800
56.186,528691200,11026432,18.630,0.810
56.387,528691200,11026432,18.700,0.810
56.588,528691200,11026432,18.760,0.810
56.788,528691200,11026432,18.830,0.820
56.989,528691200,11026432,18.890,0.820
57.189,528691200,11026432,18.960,0.820
57.390,528691200,11026432,19.040,0.830
57.591,528691200,11026432,19.100,0.830
57.791,528691200,11026432,19.180,0.830
57.992,528691200,11026432,19.250,0.830
58.193,528691200,11026432,19.300,0.840
58.393,528691200,11026432,19.380,0.840
58.594,528691200,11026432,19.450,0.840
58.795,528691200,11026432,19.510,0.850
58.995,528691200,11026432,19.570,0.850
59.196,528691200,11026432,19.640,0.850
59.397,528691200,11026432,19.720,0.860
59.597,528699392,11026432,19.780,0.860
59.798,528699392,11026432,19.860,0.860
59.999,528699392,11026432,19.920,0.860
60.199,528699392,11026432,19.990,0.860
60.400,528699392,11026432,20.050,0.870
60.601,528699392,11026432,20.120,0.880
60.801,528699392,11026432,20.190,0.880
61.002,528699392,11026432,20.250,0.880
61.203,528699392,11026432,20.330,0.880
61.403,528699392,11026432,20.390,0.880
61.604,528699392,11026432,20.460,0.890
61.805,528699392,11026432,20.530,0.890
62.005,528699392,11026432,20.600,0.890
62.206,528699392,11026432,20.670,0.890
62.407,528699392,11026432,20.720,0.900
62.608,528699392,11026432,20.780,0.910
62.808,528699392,11026432,20.840,0.910
63.009,528699392,11026432,20.910,0.910
63.210,528699392,11026432,20.970,0.910
63.411,528699392,11026432,21.040,0.910
63.611,528699392,11026432,21.110,0.910
63.812,528699392,11026432,21.170,0.920
64.012,528699392,11026432,21.250,0.920
64.213,528699392,11026432,21.320,0.930
64.414,528699392,11026432,21.380,0.930
64.615,528699392,11026432,21.450,0.930
64.815,528699392,11026432,21.520,0.930
65.016,528699392,11026432,21.590,0.940
65.217,528699392,11026432,21.660,0.950
65.418,528699392,11026432,21.730,0.950
65.618,528699392,11026432,21.780,0.950
65.819,528699392,11026432,21.850,0.950
66.020,528699392,11026432,21.920,0.950
66.221,528699392,11026432,21.990,0.960
66.422,528699392,11026432,22.060,0.960
66.623,528699392,11026432,22.130,0.960
66.823,528699392,11026432,22.210,0.970
67.024,528699392,11026432,22.270,0.970
67.225,528699392,11026432,22.330,0.970
67.425,528699392,11026432,22.400,0.970
67.626,528699392,11026432,22.460,0.980
67.827,528699392,11026432,22.530,0.980
68.028,528699392,11026432,22.600,0.980
68.229,528699392,11026432,22.680,0.980
68.429,528699392,11026432,22.740,0.990
68.630,528699392,11026432,22.800,1.000
68.831,528699392,11026432,22.880,1.000
69.031,528699392,11026432,22.950,1.000
69.232,528699392,11026432,23.010,1.000
69.433,528699392,11026432,23.080,1.000
69.633,528699392,11026432,23.150,1.010
69.834,528699392,11026432,23.210,1.010
70.035,528699392,11026432,23.280,1.010
70.235,528699392,11026432,23.360,1.010
70.436,528699392,11026432,23.430,1.010
70.637,528699392,11026432,23.500,1.030
70.837,528699392,11026432,23.570,1.030
71.038,528699392,11026432,23.640,1.030
71.239,528699392,11026432,23.710,1.030
71.440,528699392,11026432,23.780,1.030
71.640,528699392,11026432,23.860,1.040
71.841,528699392,11026432,23.930,1.040
72.041,528699392,11026432,24.000,1.040
72.242,528699392,11026432,24.040,1.040
72.443,528699392,11026432,24.120,1.050
72.644,528699392,11026432,24.190,1.050
72.844,528699392,11026432,24.250,1.050
73.045,528699392,11026432,24.320,1.060
73.246,528699392,11026432,24.390,1.060
73.446,528699392,11026432,24.470,1.060
73.647,528699392,11026432,24.550,1.060
73.848,528699392,11026432,24.610,1.070
74.048,528699392,11026432,24.690,1.070
74.249,528699392,11030528,24.750,1.070
74.449,528699392,11030528,24.810,1.070
74.650,528699392,11030528,24.880,1.080
74.851,528699392,11030528,24.950,1.080
75.052,528699392,11030528,25.010,1.080
75.252,528699392,11030528,25.070,1.080
75.453,528699392,11030528,25.140,1.090
75.654,528699392,11030528,25.200,1.090
75.855,528699392,11030528,25.270,1.100
76.055,528699392,11030528,25.340,1.100
76.256,528699392,11030528,25.400,1.100
76.457,528699392,11030528,25.470,1.110
76.658,528699392,11030528,25.530,1.110
76.859,528699392,11030528,25.610,1.110
77.059,528699392,11034624,25.680,1.110
77.260,528699392,11034624,25.750,1.120
77.461,528699392,11034624,25.810,1.120
77.661,528699392,11034624,25.880,1.130
77.862,528699392,11034624,25.950,1.130
78.063,528699392,11034624,26.030,1.130
78.263,528699392,11034624,26.100,1.130
78.464,528699392,11034624,26.160,1.140
78.665,528699392,11034624,26.230,1.140
78.865,528699392,11034624,26.300,1.140
79.066,528699392,11034624,26.360,1.140
79.267,528699392,11034624,26.440,1.140
79.468,528699392,11034624,26.500,1.150
79.668,528699392,11034624,26.560,1.150
79.869,528699392,11034624,26.630,1.150
80.070,528699392,11034624,26.690,1.160
80.270,528699392,11034624,26.780,1.160
80.471,528699392,11034624,26.820,1.160
80.672,528699392,11034624,26.910,1.170
80.872,528699392,11034624,26.970,1.170
81.073,528699392,11034624,27.050,1.170
81.274,528699392,11034624,27.120,1.180
81.474,528699392,11034624,27.180,1.180
81.675,528699392,11034624,27.250,1.180
81.876,528699392,11034624,27.310,1.190
82.076,528699392,11034624,27.390,1.190
82.277,528699392,11034624,27.450,1.190
82.478,528699392,11034624,27.530,1.200
82.679,528699392,11034624,27.610,1.200
82.879,528699392,11034624,27.670,1.200
83.080,528699392,11034624,27.750,1.200
83.280,528699392,11034624,27.810,1.200
83.481,528699392,11034624,27.880,1.200
83.682,528699392,11034624,27.940,1.220
83.883,528699392,11034624,28.010,1.220
84.083,528699392,11034624,28.090,1.220
84.284,528699392,11034624,28.150,1.220
84.485,528699392,11034624,28.220,1.220
84.686,528699392,11034624,28.290,1.230
84.886,528699392,11034624,28.370,1.230
85.087,528699392,11034624,28.440,1.230
85.288,528699392,11034624,28.500,1.230
85.488,528699392,11034624,28.570,1.240
85.689,528699392,11034624,28.630,1.240
85.889,528699392,11034624,28.700,1.240
86.090,528699392,11034624,28.780,1.240
86.291,528699392,11034624,28.850,1.250
86.491,528699392,11034624,28.920,1.250
86.692,528699392,11034624,28.990,1.250
86.893,528699392,11034624,29.060,1.260
87.093,528699392,11034624,29.120,1.260
87.294,528699392,11034624,29.210,1.270
87.495,528699392,11034624,29.260,1.270
87.696,528699392,11034624,29.330,1.270
87.896,528699392,11034624,29.400,1.270
88.097,528699392,11034624,29.460,1.280
88.298,528699392,11034624,29.550,1.280
88.498,528699392,11034624,29.620,1.280
88.699,528699392,11034624,29.690,1.280
88.900,528699392,11034624,29.750,1.280
89.100,528699392,11034624,29.820,1.300
89.301,528699392,11034624,29.900,1.300
89.502,528699392,11034624,29.960,1.300
89.702,528699392,11034624,30.040,1.310
89.903,528699392,11034624,30.100,1.310
90.104,528699392,11034624,30.180,1.310
90.304,528699392,11034624,30.250,1.310
90.505,528699392,11034624,30.320,1.320
90.706,528699392,11034624,30.390,1.320
90.907,528699392,11034624,30.450,1.320
91.107,528699392,11034624,30.530,1.320
91.308,528699392,11034624,30.600,1.320
91.509,528699392,11034624,30.680,1.330
91.710,528699392,11034624,30.750,1.340
91.910,528699392,11034624,30.810,1.340
92.111,528699392,11034624,30.890,1.340
92.312,528699392,11034624,30.960,1.340
92.512,528699392,11034624,31.020,1.350
92.713,528699392,11034624,31.100,1.350
92.914,528699392,11034624,31.160,1.350
93.115,528699392,11034624,31.220,1.360
93.315,528699392,11034624,31.290,1.360
93.516,528699392,11034624,31.360,1.360
93.717,528699392,11034624,31.430,1.360
93.917,528699392,11034624,31.500,1.360
94.118,528699392,11034624,31.560,1.360
94.319,528699392,11034624,31.640,1.380
94.519,528699392,11034624,31.710,1.380
94.720,528699392,11034624,31.770,1.380
94.921,528699392,11034624,31.850,1.380
95.122,528699392,11034624,31.910,1.390
95.323,528699392,11034624,31.980,1.390
95.524,528699392,11034624,32.040,1.390
95.724,528699392,11034624,32.110,1.390
95.925,528699392,11034624,32.180,1.390
96.126,528699392,11034624,32.250,1.390
96.327,528699392,11034624,32.330,1.400
96.527,528699392,11034624,32.390,1.400
96.728,528699392,11034624,32.460,1.410
96.929,528699392,11034624,32.530,1.410
97.129,528699392,11034624,32.590,1.410
97.330,528699392,11034624,32.670,1.410
97.531,528699392,11034624,32.730,1.420
97.732,528699392,11034624,32.800,1.420
97.932,528699392,11034624,32.870,1.420
98.133,528699392,11034624,32.920,1.420
98.334,528699392,11034624,32.990,1.430
98.534,528699392,11034624,33.050,1.430
98.735,528707584,11034624,33.130,1.430
98.936,528707584,11034624,33.200,1.430
99.136,528707584,11034624,33.280,1.440
99.337,528707584,11034624,33.350,1.450
99.538,528707584,11034624,33.410,1.450
99.738,528707584,11034624,33.490,1.460
99.939,528707584,11034624,33.560,1.460
100.140,528707584,11034624,33.620,1.460
100.340,528707584,11034624,33.690,1.460
100.541,528707584,11034624,33.760,1.460
100.741,528707584,11034624,33.830,1.460
100.942,528707584,11034624,33.900,1.460
101.143,528707584,11034624,33.970,1.480
101.343,528707584,11034624,34.030,1.480
101.544,528707584,11034624,34.110,1.480
101.745,528707584,11034624,34.180,1.480
101.945,528707584,11034624,34.240,1.490
102.146,528707584,11034624,34.310,1.490
102.347,528707584,11034624,34.380,1.490
102.548,528707584,11034624,34.450,1.490
102.748,528707584,11034624,34.510,1.490
102.949,528707584,11034624,34.570,1.490
103.149,528707584,11034624,34.620,1.500
103.350,528707584,11034624,34.680,1.510
103.551,528707584,11034624,34.740,1.510
103.752,528707584,11034624,34.810,1.510
103.952,528707584,11034624,34.880,1.510
104.153,528707584,11034624,34.940,1.510
104.354,528707584,11034624,35.010,1.520
104.554,528707584,11034624,35.070,1.520
104.755,528707584,11034624,35.130,1.530
104.956,528707584,11034624,35.210,1.530
105.157,528707584,11034624,35.270,1.530
105.357,528707584,11034624,35.350,1.530
105.558,528707584,11034624,35.410,1.540
105.759,528707584,11034624,35.480,1.540
105.960,528707584,11034624,35.550,1.540
106.160,528707584,11034624,35.620,1.540
106.361,528707584,11034624,35.700,1.540
106.562,528707584,11034624,35.750,1.550
106.762,528707584,11034624,35.820,1.550
106.963,528707584,11034624,35.880,1.560
107.164,528707584,11034624,35.950,1.560
107.364,528707584,11034624,36.010,1.560
107.565,528707584,11034624,36.080,1.560
107.766,528707584,11034624,36.160,1.560
107.967,528707584,11034624,36.230,1.570
108.168,528707584,11034624,36.290,1.570
108.368,528707584,11034624,36.360,1.570
108.569,528707584,11034624,36.430,1.580
108.770,528707584,11034624,36.500,1.580
108.970,528707584,11034624,36.570,1.580
109.171,528707584,11034624,36.640,1.580
109.372,528707584,11034624,36.700,1.590
109.572,528707584,11034624,36.790,1.590
109.773,528707584,11034624,36.850,1.590
109.974,528707584,11034624,36.910,1.600
110.174,528715776,11034624,36.980,1.600
110.375,528715776,11034624,37.050,1.600
110.575,528715776,11034624,37.110,1.610
110.776,528715776,11034624,37.180,1.610
110.977,528715776,11034624,37.250,1.610
111.177,528715776,11034624,37.310,1.610
111.378,528715776,11034624,37.380,1.620
111.579,528715776,11034624,37.450,1.620
111.779,528715776,11034624,37.510,1.630
111.980,528715776,11034624,37.580,1.630
112.180,528715776,11034624,37.640,1.630
112.381,528715776,11034624,37.710,1.630
112.582,528715776,11034624,37.770,1.630
112.783,528715776,11034624,37.840,1.640
112.983,528715776,11034624,37.900,1.640
113.184,528715776,11038720,37.970,1.640
113.384,528715776,11038720,38.020,1.640
113.585,528715776,11038720,38.070,1.640
113.786,528715776,11038720,38.140,1.650
113.986,528715776,11038720,38.210,1.650
114.187,528715776,11038720,38.270,1.650
114.388,528715776,11038720,38.350,1.660
114.589,528715776,11038720,38.420,1.660
114.789,528715776,11038720,38.500,1.660
114.990,528715776,11038720,38.560,1.660
115.191,528715776,11038720,38.630,1.670
115.391,528715776,11038720,38.710,1.670
115.592,528715776,11038720,38.760,1.670
115.793,528715776,11038720,38.830,1.670
115.993,528715776,11038720,38.900,1.680
116.194,528715776,11042816,38.960,1.680
116.395,528715776,11042816,39.040,1.680
116.595,528715776,11042816,39.100,1.690
116.796,528715776,11042816,39.180,1.690
116.996,528715776,11042816,39.230,1.690
117.197,528715776,11042816,39.310,1.690
117.398,528715776,11042816,39.350,1.700
117.598,528715776,11042816,39.420,1.710
117.799,528715776,11042816,39.500,1.710
118.000,528715776,11042816,39.560,1.710
118.200,528715776,11042816,39.630,1.710
118.401,528715776,11042816,39.690,1.710
118.601,528715776,11042816,39.730,1.710
118.802,528715776,11042816,39.810,1.720
119.003,528715776,11042816,39.870,1.720
119.203,528715776,11042816,39.940,1.720
119.404,528715776,11042816,40.010,1.730
119.605,528715776,11042816,40.060,1.730
119.805,528715776,11042816,40.140,1.740
120.006,528715776,11042816,40.180,1.740
120.207,528715776,11042816,40.250,1.740
120.408,528715776,11042816,40.280,1.740
120.608,528715776,11042816,40.350,1.750
120.809,528715776,11042816,40.410,1.750
121.010,528715776,11042816,40.480,1.750
121.211,528715776,11042816,40.560,1.750
121.411,528715776,11042816,40.620,1.750
121.612,528715776,11042816,40.680,1.760
121.813,528715776,11042816,40.740,1.760
122.013,528732160,11042816,40.820,1.760
122.214,528732160,11051008,40.890,1.770
122.415,528732160,11051008,40.970,1.770
122.615,528732160,11051008,41.030,1.770
122.816,528732160,11051008,41.100,1.770
123.017,528732160,11051008,41.160,1.780
123.218,528732160,11051008,41.220,1.790
123.418,528732160,11051008,41.300,1.790
123.619,528732160,11051008,41.360,1.790
123.820,528732160,11051008,41.430,1.790
124.020,528732160,11051008,41.500,1.790
124.221,528732160,11051008,41.570,1.790
124.422,528732160,11051008,41.640,1.800
124.623,528732160,11051008,41.710,1.800
124.824,528732160,11051008,41.790,1.810
125.024,528732160,11051008,41.860,1.810
125.225,528732160,11051008,41.930,1.810
125.426,528732160,11051008,41.990,1.810
125.626,528732160,11051008,42.040,1.810
125.827,528732160,11051008,42.110,1.820
126.028,528732160,11051008,42.180,1.820
126.228,528732160,11051008,42.260,1.820
126.429,528732160,11051008,42.320,1.820
126.630,528732160,11051008,42.390,1.830
126.830,528732160,11051008,42.470,1.830
127.031,528732160,11051008,42.520,1.840
127.232,528732160,11051008,42.610,1.840
127.432,528732160,11051008,42.660,1.840
127.633,528732160,11051008,42.730,1.840
127.834,528732160,11051008,42.810,1.840
128.034,528732160,11051008,42.870,1.850
128.235,528732160,11051008,42.950,1.860
128.436,528732160,11051008,43.020,1.860
128.637,528732160,11051008,43.090,1.860
128.837,528732160,11051008,43.160,1.860
129.038,528732160,11051008,43.230,1.860
129.239,528732160,11051008,43.290,1.870
129.439,528732160,11051008,43.360,1.870
129.640,528732160,11051008,43.430,1.870
129.841,528732160,11051008,43.490,1.870
130.041,528732160,11051008,43.530,1.870
130.241,528732160,11051008,43.580,1.880
130.442,528732160,11051008,43.620,1.880
130.642,528732160,11051008,43.700,1.890
130.843,528732160,11051008,43.750,1.890
131.044,528732160,11051008,43.820,1.890
131.244,528732160,11051008,43.890,1.890
131.445,528732160,11051008,43.960,1.900
131.646,528732160,11051008,44.030,1.900
131.847,528732160,11051008,44.090,1.900
132.047,528732160,11051008,44.160,1.900
132.248,528732160,11051008,44.230,1.910
132.448,528732160,11051008,44.290,1.920
132.649,528732160,11051008,44.350,1.920
132.850,528732160,11051008,44.400,1.920
133.051,528732160,11051008,44.480,1.920
133.251,528732160,11051008,44.540,1.920
133.452,528732160,11051008,44.620,1.920
133.652,528732160,11051008,44.680,1.930
133.853,528732160,11051008,44.750,1.930
134.054,528732160,11051008,44.820,1.940
134.255,528732160,11051008,44.890,1.940
134.455,528732160,11051008,44.950,1.950
134.656,528732160,11051008,45.010,1.950
134.857,528732160,11051008,45.070,1.950
135.057,528732160,11051008,45.110,1.950
135.258,528732160,11051008,45.180,1.960
135.459,528732160,11051008,45.260,1.960
135.659,528732160,11051008,45.300,1.960
135.860,528732160,11051008,45.380,1.960
136.060,528732160,11051008,45.420,1.960
136.261,528732160,11051008,45.490,1.960
136.462,528732160,11051008,45.560,1.960
136.663,528732160,11051008,45.620,1.960
136.864,528732160,11051008,45.700,1.980
137.064,528732160,11055104,45.760,1.980
137.265,528732160,11055104,45.840,1.980
137.466,528732160,11055104,45.900,1.980
137.667,528732160,11055104,45.970,1.980
137.868,528732160,11055104,46.040,1.990
138.068,528740352,11055104,46.110,1.990
138.269,528740352,11055104,46.170,1.990
138.469,528740352,11055104,46.210,1.990
138.669,528740352,11055104,46.230,1.990
138.870,528740352,11055104,46.250,1.990
139.070,528740352,11055104,46.330,2.000
139.271,528740352,11055104,46.390,2.000
139.472,528740352,11055104,46.450,2.010
139.672,528740352,11055104,46.520,2.010
139.872,528740352,11055104,46.560,2.010
140.073,528740352,11055104,46.630,2.010
140.274,528740352,11055104,46.690,2.020
140.474,528740352,11055104,46.740,2.020
140.675,528740352,11055104,46.810,2.030
140.875,528740352,11055104,46.890,2.030
141.076,528740352,11055104,46.960,2.030
141.279,528740352,11055104,47.000,2.030
141.479,528740352,11055104,47.030,2.030
141.680,528740352,11055104,47.100,2.040
141.881,528740352,11055104,47.130,2.040
142.081,528740352,11055104,47.200,2.040
142.282,528740352,11055104,47.270,2.040
142.483,528740352,11055104,47.340,2.050
142.683,528740352,11055104,47.390,2.050
142.884,528740352,11055104,47.460,2.050
143.084,528740352,11055104,47.520,2.050
143.285,528740352,11055104,47.610,2.060
143.486,528740352,11055104,47.670,2.060
143.687,528740352,11055104,47.740,2.060
143.887,528740352,11055104,47.790,2.060
144.088,528740352,11055104,47.840,2.060
144.288,528740352,11055104,47.910,2.060
144.489,528740352,11055104,47.970,2.070
144.690,528740352,11055104,48.040,2.080
144.890,528740352,11055104,48.110,2.080
145.091,528740352,11055104,48.180,2.080
145.292,528740352,11055104,48.250,2.080
145.492,528740352,11055104,48.310,2.090
145.693,528740352,11055104,48.370,2.090
145.894,528740352,11055104,48.450,2.090
146.094,528740352,11055104,48.520,2.100
146.295,528740352,11055104,48.590,2.100
146.496,528740352,11055104,48.650,2.100
146.696,528740352,11055104,48.720,2.100
146.897,528740352,11055104,48.800,2.100
147.098,528740352,11055104,48.860,2.100
147.298,528740352,11055104,48.930,2.110
147.499,528740352,11055104,49.000,2.120
147.700,528740352,11055104,49.080,2.120
147.901,528740352,11055104,49.130,2.120
148.101,528740352,11055104,49.200,2.130
148.302,528740352,11055104,49.260,2.130
148.503,528740352,11055104,49.330,2.130
148.704,528740352,11055104,49.400,2.130
148.904,528740352,11055104,49.460,2.140
149.105,528740352,11055104,49.530,2.140
149.306,528740352,11055104,49.590,2.140
149.507,528740352,11055104,49.660,2.150
149.707,528740352,11055104,49.740,2.150
149.908,528740352,11055104,49.810,2.150
150.108,528740352,11055104,49.880,2.150
150.309,528740352,11055104,49.930,2.160
150.510,528740352,11055104,50.000,2.160
150.711,528740352,11055104,50.070,2.160
150.911,528740352,11055104,50.130,2.160
151.112,528740352,11055104,50.200,2.170
151.313,528740352,11055104,50.270,2.170
151.513,528740352,11055104,50.350,2.170
151.714,528740352,11055104,50.410,2.180
151.915,528740352,11055104,50.480,2.180
152.115,528740352,11055104,50.550,2.190
152.316,528740352,11055104,50.610,2.190
152.517,528740352,11055104,50.680,2.190
152.718,528740352,11055104,50.760,2.190
152.919,528740352,11055104,50.830,2.200
153.119,528740352,11055104,50.890,2.200
153.320,528740352,11055104,50.960,2.200
153.521,528740352,11055104,51.030,2.200
153.721,528740352,11055104,51.090,2.210
153.922,528740352,11055104,51.170,2.210
154.123,528740352,11055104,51.220,2.210
154.323,528740352,11055104,51.300,2.210
154.524,528740352,11055104,51.360,2.210
154.725,528740352,11055104,51.420,2.220
154.926,528740352,11055104,51.490,2.220
155.126,528740352,11055104,51.550,2.230
155.327,528740352,11055104,51.620,2.230
155.528,528740352,11055104,51.690,2.230
155.728,528740352,11055104,51.760,2.230
155.929,528740352,11055104,51.830,2.230
156.130,528740352,11055104,51.900,2.240
156.330,528740352,11055104,51.960,2.240
156.531,528740352,11055104,52.040,2.240
156.732,528740352,11055104,52.110,2.240
156.932,528740352,11055104,52.170,2.250
157.133,528740352,11055104,52.240,2.260
157.334,528740352,11055104,52.310,2.260
157.534,528740352,11055104,52.380,2.260
157.735,528740352,11055104,52.450,2.260
157.936,528740352,11055104,52.520,2.270
158.136,528740352,11055104,52.590,2.270
158.337,528740352,11055104,52.670,2.270
158.538,528740352,11055104,52.740,2.270
158.738,528740352,11055104,52.800,2.280
158.939,528740352,11055104,52.860,2.280
159.140,528740352,11055104,52.940,2.280
159.340,528740352,11055104,53.000,2.280
159.541,528740352,11055104,53.080,2.290
159.742,528740352,11055104,53.150,2.300
159.942,528740352,11055104,53.210,2.300
160.143,528740352,11055104,53.280,2.300
160.344,528740352,11055104,53.350,2.300
160.544,528740352,11055104,53.420,2.310
160.745,528740352,11055104,53.480,2.310
160.945,528740352,11055104,53.540,2.310
161.146,528740352,11059200,53.610,2.320
161.347,528740352,11059200,53.680,2.320
161.547,528740352,11059200,53.760,2.320
161.748,528740352,11059200,53.820,2.320
161.949,528740352,11059200,53.890,2.330
162.149,528740352,11059200,53.960,2.330
162.350,528740352,11059200,54.040,2.330
162.551,528740352,11059200,54.110,2.340
162.752,528740352,11059200,54.160,2.340
162.952,528740352,11059200,54.220,2.340
163.153,528740352,11059200,54.300,2.340
163.353,528740352,11059200,54.360,2.350
163.554,528740352,11059200,54.430,2.350
163.755,528740352,11059200,54.490,2.350
163.955,528740352,11059200,54.580,2.360
164.156,528740352,11059200,54.640,2.360
164.357,528740352,11059200,54.720,2.360
164.557,528740352,11059200,54.780,2.370
164.758,528740352,11059200,54.850,2.370
164.959,528740352,11059200,54.910,2.370
165.159,528740352,11059200,54.990,2.380
165.360,528740352,11059200,55.060,2.380
165.561,528740352,11059200,55.120,2.380
165.761,528740352,11059200,55.190,2.380
165.962,528740352,11059200,55.260,2.380
166.163,528740352,11059200,55.330,2.380
166.364,528740352,11059200,55.410,2.390
166.564,528740352,11059200,55.470,2.390
166.765,528740352,11059200,55.540,2.390
166.966,528740352,11059200,55.600,2.390
167.167,528740352,11059200,55.680,2.410
167.368,528740352,11059200,55.750,2.410
167.568,528740352,11059200,55.820,2.410
167.769,528740352,11059200,55.880,2.410
167.970,528740352,11059200,55.940,2.420
168.170,528740352,11059200,56.020,2.420
168.371,528740352,11059200,56.090,2.420
168.572,528740352,11059200,56.160,2.420
168.772,528740352,11059200,56.220,2.420
168.973,528740352,11059200,56.270,2.420
169.174,528740352,11059200,56.360,2.430
169.375,528740352,11059200,56.430,2.430
169.575,528740352,11059200,56.500,2.440
169.776,528740352,11059200,56.570,2.440
169.977,528740352,11059200,56.640,2.450
170.177,528740352,11059200,56.720,2.450
170.378,528740352,11059200,56.780,2.450
170.579,528740352,11059200,56.850,2.460
170.779,528740352,11059200,56.920,2.460
170.980,528740352,11059200,56.990,2.460
171.181,528740352,11059200,57.060,2.460
171.381,528740352,11059200,57.120,2.470
171.582,528740352,11059200,57.200,2.470
171.783,528740352,11059200,57.250,2.470
171.983,528740352,11059200,57.330,2.470
172.184,528740352,11059200,57.390,2.470
172.385,528740352,11059200,57.460,2.480
172.585,528740352,11059200,57.530,2.480
172.786,528740352,11059200,57.590,2.480
172.987,528740352,11059200,57.640,2.480
173.187,528740352,11059200,57.700,2.490
173.388,528740352,11059200,57.770,2.490
173.588,528740352,11059200,57.830,2.490
173.789,528740352,11059200,57.910,2.490
173.990,528740352,11059200,57.980,2.500
174.191,528740352,11059200,58.030,2.510
174.391,528740352,11059200,58.110,2.510
174.592,528740352,11059200,58.180,2.510
174.792,528740352,11059200,58.260,2.510
174.993,528740352,11059200,58.320,2.520
175.194,528740352,11059200,58.390,2.520
175.395,528740352,11059200,58.470,2.520
175.595,528740352,11059200,58.520,2.520
175.796,528740352,11059200,58.590,2.530
175.997,528740352,11059200,58.650,2.530
176.198,528740352,11059200,58.720,2.540
176.398,528740352,11059200,58.790,2.540
176.599,528740352,11059200,58.860,2.540
176.800,528740352,11059200,58.920,2.540
177.001,528740352,11059200,58.990,2.550
177.201,528740352,11059200,59.060,2.550
177.402,528740352,11059200,59.130,2.550
177.603,528740352,11059200,59.200,2.550
177.803,528740352,11059200,59.270,2.560
178.004,528740352,11059200,59.340,2.560
178.205,528740352,11059200,59.400,2.560
178.405,528740352,11059200,59.470,2.570
178.606,528740352,11059200,59.540,2.570
178.807,528740352,11059200,59.610,2.570
179.007,528740352,11059200,59.670,2.570
179.208,528740352,11059200,59.750,2.580
179.409,528740352,11059200,59.810,2.580
179.609,528740352,11059200,59.890,2.580
179.810,528740352,11059200,59.950,2.580
180.011,528740352,11059200,60.020,2.590
180.212,528740352,11059200,60.090,2.600
180.412,528740352,11059200,60.140,2.600
180.613,528740352,11059200,60.220,2.600
180.814,528740352,11059200,60.290,2.600
181.015,528740352,11059200,60.360,2.610
181.215,528740352,11059200,60.420,2.610
181.416,528740352,11059200,60.500,2.610
181.617,528740352,11059200,60.570,2.610
181.817,528740352,11059200,60.630,2.620
182.018,528740352,11059200,60.710,2.620
182.218,528740352,11059200,60.770,2.620
182.419,528740352,11059200,60.840,2.630
182.620,528740352,11059200,60.910,2.630
182.820,528740352,11059200,60.980,2.630
183.021,528740352,11059200,61.050,2.630
183.222,528740352,11059200,61.110,2.630
183.422,528740352,11059200,61.200,2.640
183.623,528740352,11059200,61.270,2.640
183.823,528740352,11059200,61.330,2.650
184.024,528740352,11059200,61.390,2.650
184.225,528740352,11059200,61.470,2.650
184.425,528740352,11059200,61.530,2.650
184.626,528740352,11059200,61.600,2.660
184.827,528740352,11059200,61.670,2.660
185.028,528740352,11059200,61.730,2.660
185.228,528740352,11063296,61.800,2.670
185.429,528740352,11063296,61.870,2.670
185.630,528740352,11063296,61.930,2.670
185.830,528740352,11063296,62.010,2.680
186.031,528740352,11063296,62.050,2.680
186.232,528740352,11063296,62.130,2.690
186.432,528740352,11063296,62.200,2.690
186.633,528740352,11063296,62.270,2.690
186.834,528740352,11063296,62.340,2.690
187.035,528740352,11063296,62.410,2.700
187.235,528740352,11063296,62.480,2.700
187.436,528740352,11063296,62.560,2.700
187.636,528740352,11063296,62.640,2.700
187.837,528740352,11063296,62.700,2.700
188.038,528740352,11063296,62.770,2.710
188.239,528740352,11063296,62.840,2.710
188.439,528740352,11063296,62.900,2.710
188.640,528740352,11063296,62.980,2.710
188.841,528740352,11063296,63.040,2.730
189.041,528740352,11063296,63.110,2.730
189.242,528740352,11063296,63.170,2.730
189.443,528740352,11063296,63.240,2.730
189.644,528740352,11063296,63.310,2.740
189.844,528740352,11063296,63.380,2.740
190.045,528740352,11063296,63.450,2.740
190.246,528740352,11063296,63.520,2.740
190.446,528740352,11063296,63.570,2.750
190.647,528740352,11063296,63.650,2.750
190.847,528740352,11063296,63.700,2.750
191.048,528740352,11063296,63.770,2.750
191.249,528740352,11063296,63.840,2.760
191.449,528740352,11063296,63.920,2.760
191.650,528740352,11063296,63.980,2.760
191.851,528740352,11063296,64.060,2.760
192.052,528740352,11063296,64.120,2.760
192.252,528740352,11063296,64.190,2.770
192.453,528740352,11063296,64.260,2.780
192.653,528740352,11063296,64.310,2.780
192.854,528740352,11063296,64.380,2.780
193.055,528740352,11063296,64.450,2.780
193.255,528740352,11063296,64.510,2.790
193.456,528756736,11063296,64.590,2.790
193.656,528756736,11063296,64.650,2.790
193.857,528756736,11063296,64.730,2.790
194.058,528756736,11063296,64.790,2.790
194.258,528756736,11063296,64.850,2.800
194.459,528756736,11063296,64.920,2.810
194.659,528756736,11063296,64.990,2.810
194.860,528756736,11063296,65.070,2.810
195.061,528756736,11063296,65.140,2.810
195.262,528756736,11063296,65.210,2.810
195.462,528756736,11063296,65.240,2.810
195.663,528756736,11063296,65.310,2.820
195.863,528756736,11063296,65.380,2.830
196.064,528756736,11063296,65.460,2.830
196.265,528756736,11063296,65.530,2.830
196.466,528756736,11063296,65.590,2.840
196.666,528756736,11063296,65.670,2.840
196.867,528756736,11063296,65.740,2.840
197.068,528756736,11063296,65.800,2.840
197.268,528756736,11063296,65.870,2.840
197.469,528756736,11063296,65.940,2.850
197.670,528756736,11063296,66.020,2.850
197.870,528756736,11063296,66.080,2.850
198.071,528756736,11063296,66.160,2.850
198.272,528756736,11063296,66.220,2.860
198.472,528756736,11063296,66.290,2.860
198.673,528756736,11063296,66.360,2.860
198.874,528756736,11063296,66.420,2.860
199.075,528756736,11063296,66.500,2.870
199.275,528756736,11063296,66.550,2.870
199.476,528756736,11063296,66.610,2.870
199.676,528756736,11063296,66.680,2.870
199.877,528756736,11063296,66.740,2.880
200.078,528756736,11063296,66.830,2.880
200.278,528756736,11063296,66.860,2.880
200.479,528756736,11063296,66.940,2.890
200.680,528756736,11063296,67.020,2.890
200.880,528756736,11063296,67.080,2.890
201.081,528756736,11063296,67.140,2.890
201.282,528756736,11063296,67.210,2.900
201.482,528756736,11063296,67.280,2.900
201.683,528756736,11063296,67.350,2.910
201.883,528756736,11063296,67.420,2.910
202.084,528756736,11063296,67.470,2.910
202.285,528756736,11063296,67.550,2.910
202.485,528756736,11063296,67.610,2.920
202.686,528756736,11063296,67.670,2.920
202.887,528756736,11063296,67.750,2.920
203.087,528756736,11063296,67.810,2.930
203.288,528756736,11063296,67.880,2.930
203.488,528756736,11063296,67.960,2.930
203.689,528756736,11063296,68.030,2.940
203.889,528756736,11063296,68.080,2.940
204.090,528756736,11063296,68.140,2.940
204.291,528756736,11063296,68.200,2.940
204.491,528756736,11063296,68.290,2.940
204.692,528756736,11063296,68.360,2.950
204.893,528756736,11063296,68.420,2.960
205.093,528756736,11063296,68.490,2.960
205.294,528756736,11063296,68.580,2.960
205.495,528756736,11063296,68.650,2.970
205.696,528756736,11063296,68.710,2.970
205.896,528756736,11063296,68.770,2.970
206.097,528756736,11063296,68.850,2.970
206.298,528756736,11063296,68.920,2.970
206.498,528756736,11063296,68.970,2.980
206.699,528756736,11063296,69.050,2.980
206.900,528756736,11063296,69.120,2.980
207.100,528756736,11063296,69.180,2.990
207.301,528756736,11063296,69.250,2.990
207.502,528756736,11063296,69.310,2.990
207.703,528756736,11063296,69.390,3.000
207.904,528756736,11063296,69.450,3.000
208.104,528756736,11063296,69.520,3.000
208.305,528756736,11063296,69.580,3.000
208.506,528756736,11063296,69.650,3.000
208.706,528756736,11063296,69.710,3.010
208.907,528756736,11063296,69.780,3.010
209.108,528756736,11063296,69.850,3.010
209.308,528756736,11063296,69.920,3.020
209.509,528756736,11063296,69.990,3.020
209.710,528756736,11063296,70.050,3.020
209.910,528756736,11063296,70.110,3.020
210.111,528756736,11063296,70.190,3.030
210.311,528756736,11063296,70.250,3.030
210.512,528756736,11063296,70.320,3.030
210.713,528756736,11063296,70.390,3.040
210.913,528756736,11063296,70.470,3.040
211.114,528756736,11063296,70.530,3.040
211.315,528756736,11063296,70.600,3.050
211.515,528756736,11063296,70.670,3.050
211.716,528756736,11063296,70.740,3.050
211.917,528756736,11063296,70.810,3.050
212.118,528756736,11063296,70.880,3.060
212.319,528756736,11063296,70.940,3.060
212.519,528756736,11063296,71.020,3.060
212.720,528756736,11063296,71.080,3.070
212.921,528756736,11063296,71.150,3.070
213.121,528756736,11063296,71.220,3.080
213.322,528756736,11063296,71.280,3.080
213.523,528756736,11063296,71.340,3.080
213.723,528756736,11063296,71.410,3.090
213.924,528756736,11063296,71.500,3.090
214.125,528756736,11063296,71.540,3.090
214.326,528756736,11063296,71.610,3.100
214.527,528756736,11063296,71.680,3.100
214.727,528756736,11063296,71.750,3.100
214.928,528756736,11063296,71.810,3.100
215.129,528756736,11063296,71.870,3.100
215.330,528756736,11063296,71.950,3.110
215.530,528756736,11063296,72.010,3.110
215.731,528756736,11063296,72.090,3.110
215.932,528756736,11063296,72.150,3.120
216.132,528756736,11063296,72.220,3.120
216.333,528756736,11063296,72.290,3.120
216.534,528756736,11063296,72.360,3.120
216.735,528756736,11063296,72.430,3.130
216.935,528756736,11063296,72.500,3.130
217.136,528756736,11063296,72.560,3.130
217.337,528756736,11063296,72.640,3.130
217.538,528756736,11063296,72.710,3.140
217.738,528756736,11063296,72.770,3.150
217.939,528756736,11063296,72.830,3.150
218.139,528756736,11063296,72.910,3.150
218.340,528756736,11063296,72.970,3.150
218.541,528756736,11063296,73.030,3.150
218.741,528756736,11063296,73.090,3.160
218.942,528756736,11063296,73.150,3.160
219.143,528756736,11063296,73.230,3.160
219.343,528756736,11063296,73.300,3.170
219.544,528756736,11063296,73.360,3.170
219.745,528756736,11063296,73.440,3.170
219.945,528756736,11063296,73.510,3.170
220.146,528756736,11063296,73.580,3.180
220.347,528756736,11063296,73.650,3.180
220.548,528756736,11063296,73.730,3.180
220.748,528756736,11063296,73.790,3.180
220.949,528756736,11063296,73.860,3.190
221.150,528756736,11063296,73.930,3.190
221.350,528756736,11063296,74.000,3.190
221.551,528756736,11063296,74.080,3.200
221.752,528756736,11063296,74.140,3.200
221.952,528756736,11063296,74.210,3.200
222.153,528756736,11067392,74.270,3.200
222.353,528756736,11067392,74.330,3.210
222.554,528760832,11067392,74.410,3.210
222.754,528760832,145367040,74.470,3.300
222.955,528760832,145367040,74.480,3.500
223.155,528760832,145367040,74.510,3.700
223.355,528760832,145367040,74.530,3.900
223.555,528760832,145367040,74.560,4.100
223.756,528760832,145367040,74.570,4.300
223.956,528760832,145367040,74.590,4.500
224.156,528760832,145371136,74.610,4.700
224.356,528760832,145371136,74.640,4.900
224.557,528760832,145371136,74.660,5.100
224.757,528760832,145371136,74.680,5.300
224.957,528760832,145371136,74.700,5.500
225.157,528760832,145371136,74.720,5.700
225.358,528760832,145375232,74.740,5.850
225.558,528760832,11153408,74.830,5.850
225.759,528760832,11153408,74.890,5.850
225.960,528760832,11153408,74.930,5.860
226.160,528760832,11153408,74.990,5.860
226.361,528760832,11153408,75.060,5.860
226.562,528760832,11153408,75.130,5.860
226.762,528760832,11153408,75.210,5.870
226.963,528760832,11153408,75.270,5.870
227.163,528760832,11153408,75.340,5.870
227.364,528760832,11153408,75.410,5.880
227.565,528760832,11153408,75.450,5.880
227.766,528760832,11153408,75.520,5.880
227.967,528760832,11153408,75.580,5.880
228.167,528760832,11153408,75.670,5.890
228.368,528760832,11153408,75.740,5.890
228.569,528760832,11153408,75.810,5.890
228.769,528760832,11153408,75.880,5.900
228.970,528760832,11153408,75.940,5.900
229.171,528760832,11153408,76.020,5.900
229.371,528760832,11153408,76.080,5.900
229.572,528760832,11153408,76.150,5.910
229.772,528760832,11153408,76.220,5.910
229.973,528760832,11153408,76.290,5.910
230.174,528760832,11153408,76.360,5.920
230.374,528760832,11153408,76.440,5.920
230.575,528760832,11153408,76.510,5.920
230.776,528760832,11153408,76.570,5.920
230.976,528760832,11153408,76.640,5.930
231.177,528760832,11153408,76.710,5.930
231.378,528760832,11153408,76.780,5.930
231.579,528760832,11153408,76.850,5.940
231.779,528760832,11153408,76.910,5.940
231.980,528760832,11153408,76.970,5.940
232.181,528760832,11153408,77.040,5.940
232.381,528760832,11153408,77.120,5.950
232.582,528760832,11153408,77.200,5.950
232.783,528760832,11153408,77.260,5.950
232.984,528760832,11153408,77.340,5.960
233.184,528760832,11153408,77.380,5.960
233.385,528760832,11153408,77.450,5.960
233.585,528760832,11153408,77.510,5.960
233.786,528760832,11153408,77.580,5.970
233.987,528760832,11153408,77.640,5.970
234.187,528760832,11153408,77.700,5.970
234.388,528760832,11153408,77.760,5.970
234.588,528760832,11153408,77.830,5.980
234.789,528760832,11153408,77.880,5.980
234.990,528760832,11153408,77.960,5.980
235.191,528760832,11153408,78.030,5.990
235.391,528760832,11153408,78.100,5.990
235.592,528760832,11153408,78.160,5.990
235.792,528760832,11153408,78.230,5.990
235.993,528760832,11153408,78.300,6.000
236.194,528760832,11153408,78.370,6.000
236.395,528760832,11153408,78.430,6.000
236.595,528760832,11153408,78.500,6.010
236.796,528760832,11153408,78.570,6.010
236.997,528760832,11153408,78.630,6.010
237.197,528760832,11153408,78.710,6.020
237.398,528760832,11153408,78.780,6.020
237.599,528760832,11153408,78.850,6.020
237.799,528760832,11153408,78.920,6.020
238.000,528760832,11153408,78.980,6.030
238.201,528760832,11153408,79.070,6.030
238.401,528760832,11153408,79.120,6.030
238.602,528760832,11153408,79.190,6.040
238.803,528760832,11153408,79.270,6.040
239.004,528760832,11153408,79.330,6.040
239.204,528760832,11153408,79.410,6.050
239.405,528760832,11153408,79.480,6.050
239.606,528760832,11153408,79.550,6.050
239.807,528760832,11153408,79.610,6.060
240.007,528760832,11153408,79.680,6.060
240.208,528760832,11153408,79.760,6.060
240.408,528760832,11153408,79.820,6.060
240.609,528760832,11153408,79.870,6.070
240.810,528760832,11153408,79.940,6.070
241.010,528760832,11153408,80.010,6.070
241.211,528760832,11153408,80.070,6.070
241.412,528760832,11153408,80.120,6.080
241.612,528760832,11153408,80.190,6.080
241.813,528760832,11153408,80.260,6.080
242.014,528760832,11153408,80.340,6.090
242.215,528760832,11153408,80.400,6.090
242.415,528760832,11153408,80.480,6.090
242.616,528760832,11153408,80.530,6.100
242.817,528760832,11153408,80.610,6.100
243.017,528760832,11153408,80.680,6.100
243.218,528760832,11153408,80.750,6.100
243.419,528760832,11153408,80.820,6.110
243.619,528760832,11153408,80.890,6.110
243.820,528760832,11153408,80.960,6.110
244.021,528760832,11153408,81.020,6.120
244.221,528760832,11153408,81.090,6.120
244.422,528760832,11153408,81.160,6.120
244.623,528760832,11153408,81.220,6.120
244.824,528760832,11153408,81.290,6.130
245.024,528760832,11153408,81.360,6.130
245.225,528760832,11153408,81.420,6.130
245.426,528760832,11153408,81.490,6.140
245.627,528760832,11153408,81.560,6.140
245.827,528760832,11153408,81.630,6.140
246.028,528760832,11153408,81.690,6.150
246.229,528760832,11153408,81.760,6.150
246.429,528760832,11153408,81.820,6.150
246.630,528760832,11153408,81.890,6.150
246.831,528760832,11153408,81.960,6.160
247.032,528760832,11153408,82.030,6.160
247.232,528760832,11153408,82.100,6.160
247.433,528760832,11153408,82.160,6.170
247.634,528760832,11153408,82.230,6.170
247.835,528760832,11153408,82.290,6.170
248.035,528760832,11153408,82.360,6.180
248.236,528760832,11153408,82.440,6.180
248.437,528760832,11153408,82.500,6.180
248.637,528760832,11153408,82.570,6.180
248.838,528760832,11153408,82.640,6.190
249.039,528760832,11153408,82.700,6.190
249.239,528760832,11153408,82.770,6.190
249.440,528760832,11153408,82.850,6.200
249.641,528760832,11153408,82.910,6.200
249.841,528760832,11153408,82.980,6.200
250.042,528760832,11153408,83.040,6.200
250.243,528760832,11153408,83.110,6.210
250.443,528760832,11153408,83.180,6.210
250.644,528760832,11153408,83.250,6.210
250.845,528760832,11153408,83.330,6.220
251.045,528760832,11153408,83.410,6.220
251.246,528760832,11153408,83.470,6.220
251.447,528760832,11153408,83.540,6.230
251.647,528760832,11153408,83.600,6.230
251.848,528760832,11153408,83.660,6.230
252.049,528760832,11153408,83.740,6.240
252.249,528760832,11153408,83.800,6.240
252.450,528760832,11153408,83.870,6.240
252.651,528760832,11153408,83.920,6.240
252.852,528760832,11153408,83.990,6.250
253.052,528760832,11153408,84.040,6.250
253.253,528760832,11153408,84.100,6.250
253.453,528760832,11153408,84.170,6.250
253.654,528760832,11153408,84.240,6.260
253.855,528760832,11153408,84.310,6.260
254.055,528760832,11153408,84.380,6.260
254.256,528760832,11153408,84.440,6.270
254.456,528760832,11153408,84.510,6.270
254.657,528760832,11153408,84.570,6.270
254.858,528760832,11153408,84.650,6.270
255.059,528760832,11153408,84.720,6.270
255.259,528760832,11153408,84.790,6.270
255.460,528760832,11153408,84.860,6.280
255.661,528760832,11153408,84.930,6.280
255.862,528760832,11153408,84.990,6.280
256.063,528760832,11153408,85.060,6.280
256.263,528760832,11153408,85.130,6.290
256.464,528760832,11153408,85.190,6.290
256.664,528760832,11153408,85.260,6.290
256.865,528760832,11153408,85.350,6.300
257.066,528760832,11153408,85.410,6.300
257.267,528760832,11153408,85.490,6.300
257.468,528760832,11153408,85.550,6.310
257.669,528760832,11153408,85.630,6.310
257.869,528760832,11153408,85.710,6.310
258.070,528760832,11153408,85.770,6.320
258.271,528760832,11153408,85.840,6.320
258.471,528760832,11153408,85.900,6.330
258.672,528760832,11153408,85.980,6.330
258.873,528760832,11153408,86.040,6.330
259.073,528760832,11153408,86.110,6.330
259.274,528760832,11153408,86.160,6.330
259.475,528760832,11153408,86.230,6.340
259.675,528760832,11153408,86.300,6.340
259.876,528760832,11153408,86.370,6.340
260.077,528760832,11153408,86.440,6.350
260.277,528760832,11153408,86.490,6.350
260.478,528760832,11153408,86.560,6.350
260.679,528760832,11153408,86.630,6.360
260.879,528760832,11153408,86.690,6.360
261.080,528760832,11153408,86.770,6.360
261.281,528760832,11153408,86.830,6.370
261.481,528760832,11153408,86.900,6.370
261.682,528760832,11153408,86.960,6.370
261.883,528760832,11153408,87.040,6.380
262.083,528760832,11153408,87.110,6.380
262.284,528760832,11153408,87.180,6.380
262.485,528760832,11153408,87.230,6.380
262.685,528760832,11153408,87.300,6.380
262.886,528760832,11153408,87.380,6.380
263.087,528760832,11153408,87.440,6.400
263.288,528760832,11153408,87.500,6.400
263.488,528760832,11153408,87.570,6.400
263.689,528760832,11153408,87.650,6.400
263.889,528760832,11153408,87.710,6.400
264.090,528760832,11153408,87.770,6.400
264.290,528760832,11153408,87.840,6.410
264.491,528760832,11153408,87.900,6.410
264.692,528760832,11153408,87.960,6.410
264.892,528760832,11153408,88.030,6.410
265.093,528760832,11153408,88.100,6.420
265.294,528760832,11153408,88.180,6.430
265.494,528760832,11153408,88.230,6.430
265.695,528760832,11153408,88.290,6.430
265.896,528760832,11153408,88.350,6.430
266.096,528760832,11153408,88.430,6.430
266.297,528760832,11153408,88.500,6.440
266.498,528760832,11153408,88.560,6.440
266.698,528760832,11153408,88.640,6.440
266.899,528760832,11153408,88.700,6.440
267.100,528760832,11153408,88.770,6.450
267.300,528760832,11153408,88.830,6.450
267.501,528760832,11153408,88.900,6.450
267.702,528760832,11153408,88.980,6.450
267.902,528760832,11153408,89.040,6.460
268.103,528760832,11153408,89.110,6.460
268.304,528760832,11153408,89.190,6.470
268.504,528760832,11153408,89.240,6.470
268.705,528760832,11153408,89.320,6.470
268.906,528760832,11153408,89.380,6.470
269.106,528760832,11153408,89.450,6.480
269.307,528760832,11153408,89.530,6.490
269.507,528760832,11153408,89.590,6.490
269.708,528760832,11153408,89.660,6.490
269.909,528760832,11153408,89.720,6.490
270.110,528760832,11153408,89.810,6.500
270.310,528760832,11153408,89.870,6.500
270.511,528760832,11153408,89.930,6.500
270.711,528760832,11153408,89.990,6.500
270.912,528760832,11153408,90.060,6.510
271.113,528760832,11153408,90.130,6.510
271.313,528760832,11153408,90.200,6.520
271.514,528760832,11153408,90.260,6.520
271.715,528760832,11153408,90.330,6.520
271.915,528760832,11153408,90.410,6.520
272.116,528760832,11153408,90.480,6.520
272.317,528760832,11153408,90.550,6.530
272.517,528760832,11153408,90.610,6.530
272.718,528760832,11153408,90.680,6.530
272.919,528760832,11153408,90.750,6.530
273.120,528760832,11153408,90.820,6.540
273.320,528760832,11153408,90.880,6.540
273.521,528760832,11153408,90.960,6.540
273.722,528760832,11153408,91.010,6.540
273.922,528760832,11153408,91.090,6.550
274.123,528760832,11153408,91.130,6.560
274.324,528760832,11153408,91.210,6.560
274.525,528760832,11153408,91.280,6.560
274.725,528760832,11153408,91.340,6.560
274.926,528760832,11153408,91.420,6.560
275.127,528760832,11153408,91.490,6.570
275.328,528760832,11153408,91.570,6.570
275.528,528760832,11153408,91.630,6.570
275.729,528760832,11153408,91.700,6.580
275.930,528760832,11153408,91.760,6.580
276.130,528760832,11153408,91.830,6.580
276.331,528760832,11153408,91.910,6.580
276.532,528760832,11153408,91.980,6.590
276.732,528760832,11153408,92.050,6.590
276.933,528760832,11153408,92.110,6.590
277.134,528760832,11153408,92.190,6.600
277.335,528760832,11153408,92.250,6.600
277.535,528760832,11153408,92.320,6.600
277.736,528760832,11153408,92.390,6.600
277.937,528760832,11153408,92.460,6.610
278.137,528760832,11153408,92.520,6.610
278.338,528760832,11153408,92.580,6.610
278.539,528760832,11153408,92.650,6.610
278.739,528760832,11153408,92.720,6.620
278.940,528760832,11153408,92.790,6.630
279.141,528760832,11153408,92.870,6.630
279.341,528760832,11153408,92.930,6.630
279.542,528760832,11153408,92.990,6.640
279.743,528760832,11153408,93.060,6.640
279.944,528760832,11153408,93.120,6.640
280.144,528760832,11153408,93.200,6.640
280.345,528760832,11153408,93.260,6.640
280.546,528760832,11153408,93.330,6.650
280.747,528760832,11153408,93.400,6.650
280.947,528760832,11153408,93.470,6.650
281.148,528760832,11153408,93.540,6.660
281.349,528760832,11153408,93.600,6.660
281.549,528760832,11153408,93.680,6.660
281.750,528760832,11153408,93.740,6.660
281.951,528760832,11153408,93.820,6.660
282.151,528760832,11153408,93.880,6.670
282.352,528760832,11153408,93.960,6.680
282.553,528760832,11153408,94.030,6.680
282.753,528760832,11153408,94.090,6.680
282.954,528760832,11153408,94.150,6.680
283.154,528760832,11153408,94.210,6.680
283.355,528760832,11153408,94.290,6.680
283.556,528760832,11153408,94.350,6.690
283.756,528760832,11153408,94.410,6.690
283.957,528760832,11153408,94.490,6.700
284.158,528760832,11153408,94.550,6.700
284.359,528760832,11153408,94.620,6.700
284.559,528760832,11153408,94.680,6.700
284.760,528760832,11153408,94.760,6.710
284.961,528760832,11153408,94.820,6.710
285.161,528760832,11153408,94.900,6.720
285.362,528760832,11153408,94.970,6.720
285.563,528760832,11153408,95.050,6.720
285.763,528760832,11153408,95.120,6.720
285.964,528760832,11153408,95.180,6.730
286.165,528760832,11153408,95.250,6.730
286.365,528760832,11153408,95.320,6.730
286.566,528760832,11153408,95.390,6.730
286.767,528760832,11153408,95.450,6.730
286.967,528760832,11153408,95.530,6.750
287.168,528760832,11153408,95.600,6.750
287.369,528760832,11153408,95.660,6.750
287.570,528760832,11153408,95.730,6.750
287.770,528760832,11153408,95.810,6.750
287.971,528760832,11153408,95.870,6.760
288.172,528760832,11153408,95.940,6.760
288.372,528760832,11153408,96.000,6.770
288.573,528760832,11153408,96.070,6.770
288.774,528760832,11153408,96.150,6.770
288.975,528760832,11153408,96.220,6.770
289.175,528760832,11153408,96.290,6.770
289.376,528760832,11153408,96.350,6.780
289.576,528760832,11153408,96.430,6.780
289.777,528760832,11153408,96.500,6.780
289.978,528760832,11153408,96.580,6.780
290.179,528760832,11153408,96.650,6.790
290.379,528760832,11153408,96.710,6.800
290.580,528760832,11153408,96.790,6.800
290.780,528760832,11153408,96.840,6.800
290.981,528760832,11153408,96.910,6.800
291.182,528760832,11153408,96.980,6.800
291.383,528760832,11153408,97.060,6.810
291.583,528760832,11153408,97.130,6.810
291.784,528760832,11153408,97.180,6.820
291.984,528760832,11153408,97.260,6.820
292.185,528760832,11153408,97.310,6.820
292.386,528760832,11153408,97.370,6.820
292.587,528760832,11153408,97.450,6.830
292.787,528760832,11153408,97.530,6.830
292.988,528760832,11153408,97.600,6.830
293.189,528760832,11153408,97.670,6.840
293.389,528760832,11153408,97.740,6.840
293.590,528760832,11153408,97.810,6.840
293.791,528760832,11153408,97.880,6.850
293.991,528760832,11153408,97.940,6.850
294.192,528760832,11153408,98.020,6.850
294.393,528760832,11153408,98.090,6.850
294.594,528760832,11153408,98.150,6.860
294.795,528760832,11153408,98.230,6.860
294.995,528760832,11153408,98.290,6.860
295.196,528760832,11153408,98.360,6.870
295.397,528760832,11153408,98.420,6.870
295.597,528760832,11153408,98.480,6.870
295.798,528760832,11153408,98.560,6.870
295.999,528760832,11153408,98.620,6.870
296.200,528760832,11153408,98.690,6.870
296.400,528760832,11153408,98.760,6.880
296.601,528760832,11153408,98.830,6.880
296.802,528760832,11153408,98.910,6.890
297.002,528760832,11153408,98.970,6.890
297.203,528760832,11153408,99.040,6.890
297.404,528760832,11153408,99.110,6.890
297.604,528760832,11153408,99.190,6.900
297.805,528760832,11153408,99.260,6.910
298.005,528760832,11153408,99.320,6.910
298.206,528760832,11153408,99.390,6.910
298.407,528760832,11153408,99.460,6.910
298.608,528760832,11153408,99.520,6.920
298.808,528760832,11153408,99.590,6.920
299.009,528760832,11153408,99.660,6.920
299.210,528760832,11153408,99.730,6.930
299.411,528760832,11153408,99.800,6.930
299.611,528760832,11153408,99.860,6.930
299.812,528760832,11153408,99.920,6.930
300.012,528760832,11153408,100.000,6.940
300.213,528760832,11153408,100.060,6.940
300.414,528760832,11153408,100.120,6.940
300.614,528760832,11153408,100.190,6.940
300.815,528760832,11153408,100.260,6.940
301.016,528760832,11153408,100.330,6.950
301.216,528760832,11153408,100.400,6.950
301.417,528760832,11153408,100.470,6.950
301.618,528760832,11153408,100.540,6.950
301.818,528760832,11153408,100.600,6.960
302.019,528760832,11153408,100.670,6.960
302.220,528760832,11153408,100.740,6.970
302.420,528760832,11153408,100.820,6.970
302.621,528760832,11153408,100.880,6.970
302.822,528760832,11153408,100.950,6.970
303.023,528760832,11153408,101.020,6.970
303.223,528760832,11153408,101.080,6.990
303.424,528760832,11153408,101.150,6.990
303.625,528760832,11153408,101.210,6.990
303.825,528760832,11153408,101.290,6.990
304.026,528760832,11153408,101.350,6.990
304.227,528760832,11153408,101.420,7.000
304.427,528760832,11153408,101.500,7.000
304.628,528760832,11153408,101.550,7.010
304.829,528760832,11153408,101.630,7.010
305.030,528760832,11153408,101.700,7.010
305.230,528760832,11153408,101.780,7.010
305.431,528760832,11153408,101.850,7.020
305.632,528760832,11153408,101.920,7.020
305.832,528760832,11153408,101.980,7.020
306.033,528760832,11153408,102.050,7.030
306.234,528760832,11153408,102.120,7.030
306.434,528760832,11153408,102.190,7.030
306.635,528760832,11153408,102.250,7.030
306.835,528760832,11153408,102.300,7.030
307.036,528760832,11153408,102.360,7.030
307.237,528760832,11153408,102.440,7.040
307.437,528760832,11153408,102.510,7.050
307.638,528760832,11153408,102.580,7.050
307.839,528760832,11153408,102.650,7.050
308.040,528760832,11153408,102.710,7.050
308.240,528760832,11153408,102.780,7.050
308.441,528760832,11153408,102.850,7.050
308.642,528760832,11153408,102.920,7.060
308.843,528760832,11153408,102.980,7.070
309.043,528760832,11153408,103.050,7.070
309.244,528760832,11153408,103.100,7.070
309.444,528760832,11153408,103.170,7.070
309.645,528760832,11153408,103.240,7.070
309.846,528760832,11153408,103.310,7.080
310.047,528760832,11153408,103.370,7.080
310.247,528760832,11153408,103.440,7.080
310.448,528760832,11153408,103.510,7.080
310.649,528760832,11153408,103.580,7.090
310.849,528760832,11153408,103.640,7.090
311.050,528760832,11153408,103.710,7.100
311.251,528760832,11153408,103.780,7.100
311.451,528760832,11153408,103.850,7.100
311.652,528760832,11153408,103.920,7.110
311.853,528760832,11153408,104.010,7.110
312.053,528760832,11153408,104.070,7.110
312.254,528760832,11153408,104.130,7.110
312.454,528760832,11153408,104.200,7.120
312.655,528760832,11153408,104.280,7.120
312.856,528760832,11153408,104.340,7.120
313.056,528760832,11153408,104.410,7.130
313.257,528760832,11153408,104.460,7.130
313.458,528760832,11153408,104.540,7.130
313.658,528760832,11153408,104.610,7.130
313.859,528760832,11153408,104.670,7.140
314.060,528760832,11153408,104.740,7.140
314.260,528760832,11153408,104.800,7.140
314.461,528760832,11153408,104.860,7.140
314.662,528760832,11153408,104.920,7.150
314.863,528760832,11153408,104.990,7.150
315.063,528760832,11153408,105.060,7.150
315.264,528760832,11153408,105.130,7.150
315.465,528760832,11153408,105.210,7.160
315.666,528760832,11153408,105.280,7.160
315.866,528760832,11153408,105.340,7.160
316.067,528760832,11153408,105.410,7.160
316.268,528760832,11153408,105.480,7.160
316.468,528760832,11153408,105.550,7.180
316.669,528760832,11153408,105.630,7.180
316.869,528760832,11153408,105.700,7.180
317.070,528760832,11153408,105.770,7.180
317.271,528760832,11153408,105.840,7.180
317.472,528760832,11153408,105.910,7.180
317.672,528760832,11153408,105.980,7.190
317.873,528760832,11153408,106.050,7.200
318.073,528760832,11153408,106.120,7.200
318.274,528760832,11153408,106.190,7.200
318.475,528760832,11153408,106.250,7.200
318.675,528760832,11153408,106.320,7.200
318.876,528760832,11153408,106.400,7.210
319.077,528760832,11153408,106.460,7.210
319.278,528760832,11153408,106.530,7.210
319.478,528760832,11153408,106.590,7.210
319.679,528760832,11153408,106.660,7.220
319.880,528760832,11153408,106.720,7.220
320.081,528760832,11153408,106.800,7.220
320.281,528760832,11153408,106.860,7.230
320.482,528760832,11153408,106.930,7.230
320.683,528760832,11153408,106.980,7.230
320.883,528760832,11153408,107.030,7.230
321.084,528760832,11153408,107.090,7.230
321.284,528760832,11153408,107.150,7.240
321.485,528760832,11153408,107.210,7.250
321.686,528760832,11153408,107.280,7.250
321.886,528760832,11153408,107.340,7.250
322.087,528760832,11153408,107.410,7.250
322.288,528760832,11153408,107.480,7.250
322.488,528760832,11153408,107.540,7.250
322.689,528760832,11153408,107.610,7.260
322.890,528760832,11153408,107.680,7.260
323.091,528760832,11153408,107.750,7.270
323.291,528760832,11153408,107.820,7.270
323.492,528760832,11153408,107.890,7.270
323.693,528760832,11153408,107.960,7.270
323.894,528760832,11153408,108.030,7.280
324.095,528760832,11153408,108.100,7.280
324.295,528760832,11153408,108.170,7.290
324.496,528760832,11153408,108.250,7.290
324.697,528760832,11153408,108.310,7.290
324.897,528760832,11153408,108.380,7.300
325.098,528760832,11153408,108.450,7.300
325.299,528760832,11153408,108.520,7.300
325.499,528760832,11153408,108.580,7.300
325.700,528760832,11153408,108.650,7.300
325.900,528760832,11153408,108.720,7.300
326.101,528760832,11153408,108.800,7.310
326.302,528760832,11153408,108.870,7.320
326.502,528760832,11153408,108.930,7.320
326.703,528760832,11153408,109.000,7.320
326.904,528760832,11153408,109.060,7.320
327.104,528760832,11153408,109.130,7.320
327.305,528760832,11153408,109.190,7.330
327.505,528760832,11153408,109.250,7.330
327.706,528760832,11153408,109.310,7.330
327.907,528760832,11153408,109.380,7.340
328.108,528760832,11153408,109.460,7.340
328.308,528760832,11153408,109.520,7.340
328.509,528760832,11153408,109.560,7.340
328.710,528760832,11153408,109.630,7.350
328.911,528760832,11153408,109.700,7.350
329.111,528760832,11153408,109.770,7.350
329.312,528760832,11153408,109.840,7.350
329.512,528760832,11153408,109.910,7.350
329.713,528760832,11153408,109.980,7.360
329.914,528760832,11153408,110.040,7.360
330.114,528760832,11153408,110.100,7.360
330.315,528760832,11153408,110.170,7.370
330.515,528760832,11153408,110.250,7.370
330.716,528760832,11153408,110.310,7.370
330.917,528760832,11153408,110.390,7.380
331.118,528760832,11153408,110.460,7.380
331.318,528760832,11153408,110.520,7.390
331.519,528760832,11153408,110.600,7.390
331.720,528760832,11153408,110.660,7.390
331.920,528760832,11153408,110.730,7.390
332.121,528760832,11153408,110.790,7.390
332.322,528760832,11153408,110.860,7.400
332.523,528760832,11153408,110.930,7.400
332.723,528760832,11153408,111.000,7.410
332.924,528760832,11153408,111.070,7.410
333.125,528760832,11153408,111.130,7.410
333.326,528760832,11153408,111.210,7.420
333.526,528760832,11153408,111.270,7.420
333.727,528760832,11153408,111.340,7.420
333.928,528760832,11153408,111.420,7.420
334.129,528760832,11153408,111.460,7.430
334.329,528760832,11153408,111.530,7.430
334.530,528760832,11153408,111.600,7.440
334.731,528760832,11153408,111.670,7.440
334.931,528760832,11153408,111.740,7.440
335.132,528760832,11153408,111.800,7.450
335.333,528760832,11153408,111.870,7.450
335.533,528760832,11153408,111.940,7.450
335.734,528760832,11153408,112.000,7.450
335.935,528760832,11153408,112.070,7.450
336.136,528760832,11153408,112.150,7.450
336.336,528760832,11153408,112.210,7.460
336.537,528760832,11153408,112.280,7.470
336.738,528760832,11153408,112.340,7.470
336.939,528760832,11153408,112.410,7.470
337.139,528760832,11153408,112.490,7.470
337.340,528760832,11153408,112.550,7.470
337.541,528760832,11153408,112.620,7.470
337.742,528760832,11153408,112.690,7.480
337.943,528760832,11153408,112.740,7.490
338.143,528760832,11153408,112.820,7.490
338.344,528760832,11153408,112.890,7.490
338.545,528760832,11153408,112.960,7.490
338.745,528760832,11153408,113.020,7.490
338.946,528760832,11153408,113.090,7.500
339.147,528760832,11153408,113.160,7.500
339.348,528760832,11153408,113.220,7.510
339.548,528760832,11153408,113.290,7.510
339.749,528760832,11153408,113.360,7.510
339.950,528760832,11153408,113.430,7.510
340.150,528760832,11153408,113.500,7.510
340.351,528760832,11153408,113.560,7.510
340.552,528760832,11153408,113.630,7.520
340.753,528760832,11153408,113.690,7.520
340.954,528760832,11153408,113.770,7.520
341.154,528760832,11153408,113.840,7.530
341.355,528760832,11153408,113.920,7.530
341.555,528760832,11153408,113.980,7.530
341.756,528760832,11153408,114.050,7.530
341.957,528760832,11153408,114.120,7.540
342.158,528760832,11153408,114.180,7.550
342.358,528760832,11153408,114.250,7.550
342.559,528760832,11153408,114.310,7.550
342.760,528760832,11153408,114.390,7.560
342.960,528760832,11153408,114.430,7.560
343.161,528760832,11153408,114.510,7.560
343.361,528760832,11153408,114.580,7.560
343.562,528760832,11153408,114.640,7.560
343.763,528760832,11153408,114.720,7.570
343.964,528760832,11153408,114.780,7.570
344.164,528760832,11153408,114.850,7.580
344.365,528760832,11153408,114.920,7.580
344.566,528760832,11153408,114.990,7.580
344.766,528760832,11153408,115.060,7.590
344.967,528760832,11153408,115.120,7.590
345.168,528760832,11153408,115.190,7.590
345.368,528760832,11153408,115.250,7.590
345.569,528760832,11153408,115.290,7.590
345.769,528760832,11153408,115.350,7.590
345.969,528760832,11153408,115.400,7.590
346.170,528760832,11153408,115.460,7.600
346.370,528760832,11153408,115.500,7.600
346.571,528760832,11153408,115.560,7.600
346.772,528760832,11153408,115.610,7.610
346.972,528760832,11153408,115.670,7.610
347.173,528760832,11153408,115.740,7.610
347.373,528760832,11153408,115.790,7.620
347.574,528760832,11153408,115.850,7.620
347.774,528760832,11153408,115.900,7.620
347.975,528760832,11153408,115.970,7.620
348.176,528760832,11153408,116.010,7.620
348.377,528760832,11153408,116.070,7.630
348.578,528760832,11153408,116.150,7.630
348.778,528760832,11153408,116.220,7.630
348.979,528760832,11153408,116.280,7.630
349.180,528760832,11153408,116.350,7.630
349.380,528760832,11153408,116.420,7.640
349.581,528760832,11153408,116.490,7.640
349.782,528760832,11153408,116.560,7.640
349.983,528760832,11153408,116.630,7.650
350.183,528760832,11153408,116.700,7.650
350.384,528760832,11153408,116.760,7.650
350.584,528760832,11153408,116.820,7.660
350.785,528760832,11153408,116.890,7.660
350.985,528760832,11153408,116.960,7.660
351.186,528760832,11153408,117.010,7.660
351.387,528760832,11153408,117.090,7.660
351.587,528760832,11153408,117.120,7.670
351.788,528760832,11153408,117.190,7.680
351.988,528760832,11153408,117.260,7.680
352.189,528760832,11153408,117.320,7.680
352.390,528760832,11153408,117.400,7.680
352.590,528760832,11153408,117.460,7.680
352.793,528760832,11153408,117.520,7.690
352.994,528760832,11153408,117.550,7.690
353.194,528760832,11153408,117.620,7.690
353.395,528760832,11153408,117.680,7.700
353.596,528760832,11153408,117.750,7.700
353.796,528760832,11153408,117.820,7.700
353.997,528760832,11153408,117.880,7.700
354.198,528760832,11153408,117.960,7.700
354.398,528760832,11153408,118.010,7.710
354.599,528760832,11153408,118.070,7.710
354.800,528760832,11153408,118.150,7.710
355.000,528760832,11153408,118.200,7.720
355.201,528760832,11153408,118.280,7.720
355.401,528760832,11153408,118.340,7.730
355.602,528760832,11153408,118.400,7.730
355.803,528760832,11153408,118.470,7.730
356.003,528760832,11153408,118.530,7.730
356.204,528760832,11153408,118.600,7.740
356.405,528760832,11153408,118.660,7.740
356.605,528760832,11153408,118.740,7.740
356.806,528760832,11153408,118.800,7.750
357.007,528760832,11153408,118.860,7.750
357.208,528760832,11153408,118.940,7.750
357.408,528760832,11153408,118.990,7.750
357.609,528760832,11153408,119.050,7.760
357.810,528760832,11153408,119.120,7.760
358.010,528760832,11153408,119.180,7.760
358.211,528760832,11153408,119.260,7.760
358.412,528760832,11153408,119.330,7.760
358.612,528760832,11153408,119.400,7.760
358.813,528760832,11153408,119.480,7.780
359.014,528760832,11153408,119.540,7.780
359.214,528760832,11153408,119.620,7.780
359.415,528760832,11153408,119.700,7.780
359.616,528760832,11153408,119.770,7.780
359.816,528760832,11153408,119.840,7.790
360.017,528760832,11153408,119.910,7.790
360.218,528760832,11153408,119.970,7.790
360.418,528760832,11153408,120.050,7.800
360.619,528760832,11153408,120.120,7.800
360.820,528760832,11153408,120.180,7.800
361.020,528760832,11153408,120.220,7.800
361.221,528760832,11153408,120.300,7.810
361.422,528760832,11153408,120.380,7.810
361.623,528760832,11153408,120.440,7.810
361.823,528760832,11153408,120.520,7.810
362.024,528760832,11153408,120.590,7.820
362.225,528760832,11153408,120.660,7.830
362.426,528760832,11153408,120.730,7.830
362.626,528760832,11153408,120.790,7.830
362.827,528760832,11153408,120.870,7.830
363.028,528760832,11153408,120.930,7.830
363.229,528760832,11153408,121.000,7.830
363.429,528760832,11153408,121.060,7.840
363.630,528760832,11153408,121.130,7.840
363.831,528760832,11153408,121.200,7.850
364.031,528760832,11153408,121.270,7.850
364.232,528760832,11153408,121.340,7.850
364.433,528760832,11153408,121.410,7.860
364.633,528760832,11153408,121.470,7.860
364.834,528760832,11153408,121.540,7.860
365.035,528760832,11153408,121.610,7.860
365.235,528760832,11153408,121.680,7.870
365.436,528760832,11153408,121.740,7.870
365.636,528760832,11153408,121.820,7.880
365.837,528760832,11153408,121.890,7.880
366.038,528760832,11153408,121.950,7.880
366.239,528760832,11153408,122.030,7.890
366.439,528760832,11153408,122.090,7.890
366.640,528760832,11153408,122.170,7.890
366.841,528760832,11153408,122.230,7.890
367.042,528760832,11153408,122.310,7.890
367.242,528760832,11153408,122.370,7.900
367.443,528760832,11153408,122.440,7.900
367.644,528760832,11153408,122.520,7.910
367.845,528760832,11153408,122.580,7.910
368.045,528760832,11153408,122.650,7.910
368.246,528760832,11153408,122.730,7.910
368.447,528760832,11153408,122.800,7.910
368.647,528760832,11153408,122.860,7.910
368.848,528760832,11153408,122.920,7.920
369.048,528760832,11153408,122.990,7.920
369.249,528760832,11153408,123.060,7.920
369.450,528760832,11153408,123.140,7.930
369.651,528760832,11153408,123.210,7.930
369.851,528760832,11153408,123.280,7.930
370.052,528760832,11153408,123.350,7.940
370.252,528760832,11153408,123.420,7.940
370.453,528760832,11153408,123.490,7.940
370.654,528760832,11153408,123.560,7.940
370.855,528760832,11153408,123.640,7.950
371.056,528760832,11153408,123.700,7.950
371.256,528760832,11153408,123.770,7.960
371.457,528760832,11153408,123.840,7.960
371.658,528760832,11153408,123.900,7.960
371.859,528760832,11153408,123.980,7.970
372.059,528760832,11153408,124.040,7.970
372.260,528760832,11153408,124.110,7.970
372.461,528760832,11153408,124.170,7.970
372.661,528760832,11153408,124.240,7.980
372.862,528760832,11153408,124.320,7.980
373.063,528760832,11153408,124.370,7.990
373.264,528760832,11153408,124.430,7.990
373.464,528760832,11153408,124.500,7.990
373.665,528760832,11153408,124.570,7.990
373.866,528760832,11153408,124.640,7.990
374.066,528760832,11153408,124.700,7.990
374.267,528760832,11153408,124.770,8.000
374.467,528760832,11153408,124.820,8.010
374.668,528760832,11153408,124.890,8.010
374.869,528760832,11153408,124.950,8.010
375.070,528760832,11153408,125.020,8.010
375.270,528760832,11153408,125.090,8.020
375.471,528760832,11153408,125.160,8.020
375.671,528760832,11153408,125.220,8.020
375.872,528760832,11153408,125.280,8.020
376.072,528760832,11153408,125.360,8.020
376.273,528760832,11153408,125.440,8.030
376.473,528760832,11153408,125.490,8.030
376.674,528760832,11153408,125.540,8.030
376.875,528760832,11153408,125.600,8.040
377.075,528760832,11153408,125.680,8.040
377.276,528760832,11153408,125.740,8.040
377.477,528760832,11153408,125.810,8.050
377.677,528760832,11153408,125.890,8.050
377.878,528760832,11153408,125.950,8.050
378.079,528760832,11153408,126.020,8.050
378.279,528760832,11153408,126.080,8.060
378.480,528760832,11153408,126.110,8.060
378.681,528760832,11153408,126.180,8.070
378.881,528760832,11153408,126.250,8.070
379.082,528760832,11153408,126.320,8.070
379.283,528760832,11153408,126.380,8.070
379.484,528760832,11153408,126.450,8.070
379.684,528760832,11153408,126.500,8.080
379.885,528760832,11153408,126.550,8.080
380.086,528760832,11153408,126.620,8.090
380.287,528760832,11153408,126.690,8.090
380.487,528760832,11153408,126.760,8.090
380.688,528760832,11153408,126.830,8.090
380.889,528760832,11153408,126.890,8.090
381.089,528760832,11153408,126.960,8.100
381.290,528760832,11153408,127.030,8.100
381.490,528760832,11153408,127.080,8.100
381.691,528760832,11153408,127.140,8.100
381.892,528760832,11153408,127.210,8.100
382.092,528760832,11153408,127.270,8.110
382.293,528760832,11153408,127.330,8.110
382.494,528760832,11153408,127.400,8.110
382.695,528760832,11153408,127.470,8.110
382.895,528760832,11153408,127.540,8.130
383.096,528760832,11153408,127.600,8.130
383.297,528760832,11153408,127.680,8.130
383.498,528760832,11153408,127.740,8.130
383.698,528760832,11153408,127.810,8.140
383.899,528760832,11153408,127.870,8.140
384.100,528760832,11153408,127.940,8.140
384.300,528760832,11153408,128.010,8.140
384.501,528760832,11153408,128.070,8.140
384.702,528760832,11153408,128.150,8.150
384.902,528760832,11153408,128.210,8.150
385.103,528760832,11153408,128.280,8.150
385.304,528760832,11153408,128.350,8.150
385.504,528760832,11153408,128.410,8.150
385.705,528760832,11153408,128.480,8.160
385.906,528760832,11153408,128.540,8.170
386.106,528760832,11153408,128.620,8.170
386.307,528760832,11153408,128.680,8.170
386.508,528760832,11153408,128.750,8.170
386.708,528760832,11153408,128.810,8.170
386.909,528760832,11153408,128.880,8.180
387.110,528760832,11153408,128.970,8.180
387.311,528760832,11153408,129.020,8.190
387.511,528760832,11153408,129.100,8.190
387.712,528760832,11153408,129.160,8.190
387.913,528760832,11153408,129.230,8.190
388.113,528760832,11153408,129.290,8.200
388.314,528760832,11153408,129.340,8.200
388.515,528760832,11153408,129.400,8.200
388.716,528760832,11153408,129.460,8.210
388.916,528760832,11153408,129.540,8.210
389.117,528760832,11153408,129.600,8.210
389.317,528760832,11153408,129.640,8.210
389.518,528760832,11153408,129.670,8.210
389.718,528760832,11153408,129.720,8.210
389.919,528760832,11153408,129.790,8.220
390.120,528760832,11153408,129.870,8.220
390.320,528760832,11153408,129.930,8.230
390.521,528760832,11153408,129.980,8.230
390.722,528760832,11153408,130.050,8.230
390.923,528760832,11153408,130.110,8.240
391.124,528760832,11153408,130.180,8.240
391.324,528760832,11153408,130.250,8.240
391.525,528760832,11153408,130.320,8.240
391.726,528760832,11153408,130.380,8.250
391.926,528760832,11153408,130.450,8.250
392.127,528760832,11153408,130.520,8.250
392.328,528760832,11153408,130.600,8.250
392.529,528760832,11153408,130.660,8.250
392.729,528760832,11153408,130.740,8.260
392.930,528760832,11153408,130.800,8.270
393.131,528764928,11153408,130.870,8.270
393.331,528764928,11153408,130.950,8.270
393.532,528764928,11153408,131.000,8.280
393.732,528764928,11153408,131.060,8.280
393.933,528764928,11153408,131.120,8.280
394.134,528764928,11153408,131.180,8.280
394.335,528764928,11153408,131.240,8.290
394.535,528764928,11153408,131.310,8.290
394.736,528764928,11153408,131.380,8.290
394.937,528764928,11153408,131.450,8.290
395.138,528764928,11153408,131.520,8.290
395.338,528764928,11153408,131.580,8.290
395.539,528764928,11153408,131.650,8.300
395.740,528764928,11153408,131.710,8.300
395.940,528764928,11153408,131.780,8.310
396.141,528764928,11153408,131.860,8.310
396.342,528764928,11153408,131.900,8.310
396.542,528764928,11153408,131.980,8.310
396.743,528764928,11153408,132.040,8.310
396.943,528764928,11153408,132.100,8.310
397.144,528764928,11153408,132.170,8.320
397.345,528764928,11153408,132.250,8.330
397.545,528764928,11153408,132.320,8.330
397.746,528764928,11153408,132.350,8.330
397.946,528764928,11153408,132.380,8.330
398.147,528764928,11153408,132.440,8.330
398.348,528764928,11153408,132.510,8.330
398.548,528764928,11153408,132.560,8.340
398.748,528764928,11153408,132.580,8.340
398.949,528764928,11153408,132.650,8.350
399.150,528764928,11153408,132.730,8.350
399.351,528764928,11153408,132.800,8.350
399.551,528764928,11153408,132.860,8.350
399.752,528764928,11153408,132.930,8.360
399.953,528764928,11153408,133.000,8.360
400.153,528764928,11153408,133.060,8.360
400.354,528764928,11153408,133.120,8.360
400.554,528764928,11153408,133.190,8.360
400.755,528764928,11153408,133.250,8.370
400.956,528764928,11153408,133.320,8.370
401.156,528764928,11153408,133.390,8.380
401.357,528764928,11153408,133.460,8.380
401.558,528764928,11153408,133.520,8.380
401.759,528764928,11153408,133.590,8.380
401.959,528764928,11153408,133.660,8.390
402.160,528764928,11153408,133.730,8.400
402.361,528764928,11153408,133.800,8.400
402.561,528764928,11153408,133.870,8.400
402.762,528764928,11153408,133.940,8.400
402.962,528764928,11153408,133.980,8.400
403.163,528764928,11153408,134.050,8.410
403.364,528764928,11153408,134.120,8.410
403.564,528764928,11153408,134.190,8.410
403.765,528764928,11153408,134.270,8.420
403.966,528764928,11153408,134.330,8.420
404.166,528764928,11153408,134.410,8.420
404.367,528764928,11153408,134.470,8.420
404.568,528764928,11153408,134.550,8.420
404.768,528764928,11153408,134.620,8.430
404.969,528764928,11153408,134.680,8.430
405.170,528764928,11153408,134.750,8.440
405.370,528764928,11153408,134.820,8.440
405.571,528764928,11153408,134.890,8.440
405.772,528764928,11153408,134.960,8.440
405.972,528764928,11153408,135.020,8.450
406.173,528764928,11153408,135.100,8.450
406.374,528764928,11153408,135.160,8.450
406.575,528764928,11153408,135.240,8.460
406.775,528764928,11153408,135.310,8.460
406.976,528764928,11153408,135.370,8.460
407.177,528764928,11153408,135.440,8.470
407.377,528764928,11153408,135.500,8.470
407.578,528764928,11153408,135.580,8.470
407.778,528764928,11153408,135.650,8.470
407.979,528764928,11153408,135.710,8.480
408.180,528764928,11153408,135.780,8.480
408.381,528764928,11153408,135.830,8.480
408.581,528764928,11153408,135.910,8.490
408.782,528764928,11153408,135.970,8.490
408.982,528764928,11153408,136.040,8.490
409.183,528764928,11153408,136.110,8.500
409.384,528764928,11153408,136.170,8.500
409.585,528764928,11153408,136.250,8.500
409.785,528764928,11153408,136.310,8.500
409.986,528764928,11153408,136.380,8.500
410.187,528764928,11153408,136.450,8.510
410.388,528764928,11153408,136.520,8.510
410.588,528764928,11153408,136.590,8.520
410.789,528764928,11153408,136.650,8.520
410.990,528764928,11153408,136.720,8.520
411.191,528764928,11153408,136.790,8.520
411.391,528764928,11153408,136.880,8.520
411.592,528764928,11153408,136.940,8.530
411.793,528764928,11153408,137.020,8.530
411.993,528764928,11153408,137.080,8.540
412.194,528764928,11153408,137.150,8.540
412.395,528764928,11153408,137.210,8.550
412.595,528764928,11153408,137.270,8.550
412.796,528764928,11153408,137.350,8.550
412.997,528764928,11153408,137.410,8.550
413.197,528764928,11153408,137.480,8.560
413.398,528764928,11153408,137.560,8.560
413.599,528764928,11153408,137.620,8.560
413.799,528764928,11153408,137.690,8.560
414.000,528764928,11153408,137.760,8.560
414.201,528764928,11153408,137.830,8.560
414.401,528764928,11153408,137.910,8.570
414.602,528764928,11153408,137.970,8.580
414.803,528764928,11153408,138.040,8.580
415.004,528764928,11153408,138.090,8.580
415.204,528764928,11153408,138.170,8.580
415.405,528764928,11153408,138.230,8.580
415.606,528764928,11153408,138.310,8.590
415.807,528764928,11153408,138.380,8.590
416.008,528764928,11153408,138.440,8.590
416.208,528764928,11153408,138.510,8.600
416.409,528764928,11153408,138.580,8.610
416.609,528764928,11153408,138.650,8.610
416.810,528764928,11153408,138.720,8.610
417.011,528764928,11153408,138.790,8.610
417.211,528764928,11153408,138.870,8.610
417.412,528764928,11153408,138.920,8.620
417.613,528764928,11153408,138.990,8.620
417.814,528764928,11153408,139.060,8.620
418.014,528764928,11153408,139.130,8.620
418.215,528764928,11153408,139.200,8.630
418.416,528764928,11153408,139.260,8.630
418.616,528764928,11153408,139.310,8.630
418.817,528764928,11153408,139.380,8.630
419.018,528764928,11153408,139.450,8.630
419.219,528764928,11153408,139.520,8.640
419.419,528764928,11153408,139.590,8.640
419.619,528764928,11153408,139.640,8.650
419.820,528764928,11153408,139.700,8.650
420.021,528764928,11153408,139.770,8.650
420.221,528764928,11153408,139.830,8.660
420.422,528764928,11153408,139.900,8.660
420.623,528764928,11153408,139.980,8.660
420.823,528764928,11153408,140.050,8.670
421.024,528764928,11153408,140.110,8.670
421.224,528764928,11153408,140.180,8.670
421.425,528764928,11153408,140.260,8.680
421.626,528764928,11153408,140.320,8.680
421.826,528764928,11153408,140.390,8.680
422.027,528764928,11153408,140.460,8.680
422.228,528764928,11153408,140.530,8.690
422.429,528764928,11153408,140.600,8.690
422.629,528764928,11153408,140.670,8.690
422.830,528764928,11153408,140.750,8.690
423.031,528764928,11153408,140.810,8.690
423.231,528764928,11153408,140.890,8.700
423.432,528764928,11153408,140.950,8.710
423.633,528764928,11153408,141.020,8.710
423.833,528764928,11153408,141.080,8.710
424.034,528764928,11153408,141.150,8.710
424.235,528764928,11153408,141.210,8.720
424.435,528764928,11153408,141.280,8.720
424.636,528764928,11153408,141.350,8.720
424.836,528764928,11153408,141.420,8.720
425.037,528764928,11153408,141.490,8.720
425.238,528764928,11153408,141.560,8.730
425.439,528764928,11153408,141.620,8.730
425.639,528764928,11153408,141.690,8.730
425.840,528764928,11153408,141.770,8.740
426.041,528764928,11153408,141.830,8.740
426.242,528764928,11153408,141.900,8.740
426.442,528764928,11153408,141.980,8.740
426.643,528764928,11153408,142.040,8.740
426.844,528764928,11153408,142.100,8.750
427.044,528764928,11153408,142.180,8.760
427.245,528764928,11153408,142.250,8.760
427.445,528764928,11153408,142.320,8.760
427.646,528764928,11153408,142.390,8.760
427.847,528764928,11153408,142.450,8.760
428.048,528764928,11153408,142.520,8.760
428.249,528764928,11153408,142.590,8.780
428.449,528764928,11153408,142.670,8.780
428.650,528764928,11153408,142.730,8.780
428.851,528764928,11153408,142.800,8.780
429.052,528764928,11153408,142.870,8.780
429.252,528764928,11153408,142.930,8.780
429.453,528764928,11153408,143.010,8.800
429.654,528764928,11153408,143.070,8.800
429.854,528764928,11153408,143.140,8.800
430.055,528764928,11153408,143.210,8.800
430.256,528764928,11153408,143.290,8.800
430.457,528764928,11153408,143.360,8.800
430.658,528764928,11153408,143.420,8.810
430.858,528764928,11153408,143.490,8.810
431.059,528764928,11153408,143.550,8.810
431.260,528764928,11153408,143.620,8.820
431.461,528764928,11153408,143.690,8.820
431.661,528764928,11153408,143.760,8.830
431.862,528764928,11153408,143.840,8.830
432.063,528764928,11153408,143.890,8.830
432.264,528764928,11153408,143.960,8.830
432.464,528764928,11153408,144.030,8.830
432.665,528764928,11153408,144.100,8.830
432.866,528764928,11153408,144.170,8.840
433.067,528764928,11153408,144.240,8.850
433.267,528764928,11153408,144.290,8.850
433.468,528764928,11153408,144.350,8.850
433.669,528764928,11153408,144.430,8.850
433.870,528764928,11153408,144.490,8.850
434.070,528764928,11153408,144.560,8.850
434.271,528764928,11153408,144.620,8.870
434.471,528764928,11153408,144.680,8.870
434.672,528764928,11153408,144.750,8.870
434.873,528764928,11153408,144.830,8.870
435.073,528764928,11153408,144.900,8.880
435.274,528764928,11153408,144.970,8.880
435.475,528764928,11153408,145.040,8.880
435.675,528764928,11153408,145.110,8.880
435.876,528764928,11153408,145.170,8.880
436.077,528764928,11153408,145.250,8.880
436.277,528764928,11153408,145.320,8.890
436.478,528764928,11153408,145.390,8.900
436.679,528764928,11153408,145.460,8.900
436.879,528764928,11153408,145.530,8.900
437.080,528764928,11153408,145.600,8.900
437.281,528764928,11153408,145.650,8.910
437.481,528764928,11153408,145.730,8.910
437.682,528764928,11153408,145.790,8.910
437.883,528764928,11153408,145.870,8.920
438.083,528764928,11153408,145.930,8.920
438.284,528764928,11153408,145.990,8.920
438.485,528764928,11153408,146.060,8.930
438.686,528764928,11153408,146.100,8.930
438.887,528764928,11153408,146.150,8.930
439.087,528764928,11153408,146.210,8.930
439.288,528764928,11153408,146.290,8.930
439.489,528764928,11153408,146.350,8.940
439.689,528764928,11153408,146.430,8.940
439.890,528764928,11153408,146.510,8.940
440.091,528764928,11153408,146.570,8.940
440.292,528764928,11153408,146.650,8.950
440.492,528764928,11153408,146.720,8.960
440.693,528764928,11153408,146.790,8.960
440.894,528764928,11153408,146.870,8.960
441.094,528764928,11153408,146.940,8.960
441.295,528764928,11153408,147.010,8.960
441.496,528764928,11153408,147.070,8.970
441.697,528764928,11153408,147.140,8.970
441.897,528764928,11153408,147.210,8.970
442.098,528764928,11153408,147.250,8.980
442.298,528764928,11153408,147.330,8.980
442.499,528764928,11153408,147.400,8.980
442.700,528764928,11153408,147.440,8.980
442.900,528764928,11153408,147.510,8.990
443.101,528764928,11153408,147.580,8.990
443.301,528764928,11153408,147.650,8.990
443.502,528764928,11153408,147.710,8.990
443.703,528764928,11153408,147.790,9.000
443.904,528764928,11153408,147.850,9.000
444.104,528764928,11153408,147.920,9.010
444.305,528764928,11153408,147.990,9.010
444.506,528764928,11153408,148.050,9.010
444.706,528764928,11153408,148.130,9.020
444.907,528764928,11153408,148.190,9.020
445.108,528764928,11153408,148.270,9.020
445.308,528764928,11153408,148.330,9.020
445.509,528764928,11153408,148.410,9.020
445.710,528764928,11153408,148.470,9.020
445.910,528764928,11153408,148.540,9.030
446.111,528764928,11153408,148.610,9.030
446.312,528764928,11153408,148.690,9.030
446.512,528764928,11153408,148.760,9.040
446.713,528764928,11153408,148.830,9.040
446.914,528764928,11153408,148.900,9.040
447.114,528764928,11153408,148.970,9.050
447.315,528764928,11153408,149.040,9.050
447.516,528764928,11153408,149.120,9.060
447.716,528764928,11153408,149.180,9.060
447.917,528764928,11153408,149.260,9.060
448.118,528764928,11153408,149.330,9.060
448.318,528764928,11153408,149.390,9.070
448.519,528764928,11153408,149.470,9.070
448.720,528764928,11153408,149.520,9.070
448.920,528764928,11153408,149.600,9.080
449.121,528764928,11153408,149.670,9.080
449.322,528764928,11153408,149.750,9.080
449.523,528764928,11153408,149.810,9.080
449.724,528764928,11153408,149.880,9.090
449.924,528764928,11153408,149.960,9.090
450.125,528764928,11153408,150.030,9.090
450.326,528764928,11153408,150.100,9.100
450.527,528764928,11153408,150.160,9.100
450.727,528764928,11153408,150.230,9.100
450.928,528764928,11153408,150.300,9.110
451.129,528764928,11153408,150.360,9.110
451.329,528764928,11153408,150.430,9.110
451.530,528764928,11153408,150.490,9.110
451.731,528764928,11153408,150.570,9.110
451.931,528764928,11153408,150.630,9.120
452.132,528764928,11153408,150.670,9.130
452.333,528764928,11153408,150.750,9.130
452.533,528764928,11153408,150.810,9.130
452.734,528764928,11153408,150.890,9.130
452.935,528764928,11153408,150.950,9.130
453.136,528764928,11153408,151.020,9.140
453.336,528764928,11153408,151.100,9.140
453.537,528764928,11153408,151.160,9.150
453.738,528764928,11153408,151.230,9.150
453.938,528764928,11153408,151.300,9.150
454.139,528764928,11153408,151.350,9.150
454.340,528764928,11153408,151.420,9.150
454.540,528764928,11153408,151.500,9.150
454.741,528764928,11153408,151.530,9.150
454.941,528764928,11153408,151.540,9.150
455.141,528764928,11153408,151.560,9.150
455.342,528764928,11153408,151.580,9.160
455.542,528764928,11153408,151.600,9.170
455.742,528764928,11153408,151.620,9.170
455.942,528764928,11153408,151.640,9.170
456.142,528764928,11153408,151.660,9.170
456.343,528764928,11153408,151.680,9.170
456.543,528764928,11153408,151.710,9.170
456.743,528764928,11153408,151.730,9.170
456.943,528764928,11153408,151.760,9.170
457.144,528764928,11153408,151.770,9.170
457.344,528764928,11153408,151.790,9.170
457.544,528764928,11153408,151.820,9.170
457.744,528764928,11153408,151.830,9.180
457.945,528764928,11153408,151.860,9.180
458.145,528764928,11153408,151.880,9.180
458.345,528764928,11153408,151.900,9.180
458.546,528764928,11153408,151.930,9.180
458.746,528764928,11153408,151.950,9.180
458.946,528764928,11153408,151.970,9.180
459.146,528764928,11153408,151.990,9.180
459.346,528764928,11153408,152.010,9.180
459.547,528764928,11153408,152.040,9.180
459.747,528764928,11153408,152.060,9.180
459.947,528764928,11153408,152.080,9.180
460.148,528764928,11153408,152.110,9.180
460.348,528764928,11153408,152.130,9.180
460.548,528764928,11153408,152.160,9.180
460.749,528764928,11153408,152.180,9.180
460.949,528764928,11153408,152.200,9.190
461.149,528764928,11153408,152.220,9.190
461.349,528764928,11153408,152.250,9.190
461.550,528764928,11153408,152.270,9.190
461.750,528764928,11153408,152.290,9.190
461.950,528764928,11153408,152.340,9.200
462.150,528764928,11153408,152.370,9.200
462.351,528764928,11153408,152.390,9.200
462.551,528764928,11153408,152.400,9.200
462.751,528764928,11153408,152.430,9.200
462.951,528764928,11153408,152.450,9.200
463.152,528764928,11153408,152.470,9.200
463.352,528764928,11153408,152.500,9.200
463.552,528764928,11153408,152.520,9.200
463.752,528764928,11153408,152.540,9.200
463.953,528764928,11153408,152.570,9.210
464.153,528764928,11153408,152.590,9.210
464.353,528764928,11153408,152.610,9.210
464.553,528764928,11153408,152.630,9.210
464.754,528764928,11153408,152.650,9.210
464.954,528764928,11153408,152.670,9.210
465.154,528764928,11153408,152.700,9.210
465.354,528764928,11153408,152.720,9.210
465.555,528764928,11153408,152.740,9.210
465.755,528764928,11153408,152.770,9.210
465.955,528764928,11153408,152.790,9.210
466.156,528764928,11153408,152.820,9.210
466.356,528764928,11153408,152.850,9.210
466.558,528764928,11153408,152.880,9.210
466.758,528764928,11153408,152.910,9.210
466.959,528764928,11153408,152.940,9.220
467.159,528764928,11153408,152.980,9.220
467.360,528764928,11153408,153.060,9.230
467.561,528764928,11153408,153.130,9.230
467.761,528764928,11153408,153.200,9.230
467.962,528764928,11153408,153.270,9.240
468.163,529002496,11153408,153.330,9.240
468.363,529022976,11153408,153.380,9.240
468.564,529022976,11153408,153.450,9.240
468.764,529022976,145383424,153.490,9.330
468.964,529022976,145383424,153.510,9.530
469.165,529022976,145383424,153.540,9.730
469.365,529022976,145383424,153.560,9.930
469.565,529022976,145383424,153.580,10.130
469.765,529022976,145383424,153.600,10.330
469.966,529022976,145383424,153.630,10.530
470.166,529022976,145383424,153.650,10.730
470.366,529022976,145383424,153.670,10.940
470.566,529022976,145383424,153.690,11.140
470.767,529022976,145383424,153.710,11.340
470.967,529022976,145383424,153.730,11.540
471.167,529022976,145383424,153.760,11.740
471.368,529022976,145383424,153.800,11.840
471.568,529022976,145383424,153.850,11.840
471.769,529022976,145391616,153.890,11.940
471.969,529022976,145395712,153.910,12.140
472.169,529022976,145395712,153.930,12.340
472.369,529022976,145395712,153.950,12.540
472.569,529022976,145395712,153.970,12.740
472.770,529022976,145395712,154.000,12.940
472.970,529022976,145395712,154.020,13.140
473.170,529022976,145395712,154.040,13.350
473.370,529022976,145395712,154.060,13.550
473.571,529022976,145395712,154.080,13.750
473.771,529022976,145395712,154.100,13.950
473.971,529022976,145395712,154.120,14.150
474.171,529022976,145395712,154.140,14.350
474.372,529022976,145403904,154.180,14.410
474.573,529022976,145403904,154.230,14.420
474.773,529022976,145461248,154.260,14.600
474.974,529022976,145465344,154.310,14.600
475.174,529022976,145485824,154.370,14.610
475.375,529022976,11268096,154.440,14.610
475.575,529022976,11268096,154.500,14.620
475.776,529022976,11268096,154.560,14.620
475.977,529022976,11268096,154.620,14.620
476.178,529022976,11268096,154.700,14.620
476.378,529022976,11268096,154.760,14.630
476.579,529022976,11268096,154.830,14.630
476.779,529022976,11268096,154.900,14.630
476.980,529022976,11268096,154.970,14.640
477.181,529022976,11268096,155.050,14.640
477.382,529022976,11268096,155.120,14.640
477.583,529022976,11268096,155.180,14.650
477.783,529022976,11268096,155.250,14.650
477.984,529022976,11268096,155.320,14.650
478.185,529022976,11268096,155.390,14.650
478.385,529022976,11268096,155.460,14.660
478.586,529022976,11268096,155.530,14.660
478.787,529031168,11268096,155.590,14.660
478.988,529031168,11268096,155.660,14.670
479.188,529031168,11268096,155.720,14.670
479.389,529031168,11268096,155.800,14.670
479.590,529031168,11268096,155.850,14.680
479.790,529031168,11268096,155.930,14.680
479.991,529031168,11268096,155.990,14.680
480.192,529031168,11268096,156.060,14.680
480.392,529031168,11268096,156.130,14.690
480.593,529031168,11268096,156.200,14.690
480.794,529031168,11268096,156.270,14.690
480.994,529031168,11268096,156.330,14.700
481.195,529031168,11268096,156.400,14.700
481.396,529031168,11268096,156.470,14.700
481.596,529031168,11268096,156.510,14.700
481.797,529031168,11268096,156.570,14.710
481.998,529031168,11268096,156.650,14.710
482.199,529031168,11268096,156.720,14.710
482.399,529031168,11268096,156.780,14.720
482.600,529031168,11268096,156.850,14.720
482.801,529031168,11268096,156.910,14.720
483.002,529031168,11268096,156.990,14.730
483.202,529031168,11268096,157.060,14.730
483.403,529031168,11268096,157.120,14.730
483.604,529031168,11268096,157.190,14.730
483.804,529031168,11268096,157.260,14.740
484.005,529043456,11268096,157.320,14.740
484.206,529043456,11268096,157.390,14.740
484.406,529043456,11268096,157.440,14.750
484.607,529043456,11268096,157.530,14.750
484.808,529043456,11268096,157.590,14.750
485.008,529043456,11268096,157.660,14.750
485.209,529043456,11268096,157.740,14.760
485.410,529043456,11268096,157.800,14.760
485.610,529043456,11268096,157.870,14.760
485.811,529043456,11268096,157.930,14.770
486.012,529043456,11268096,158.010,14.770
486.212,529043456,11268096,158.070,14.770
486.413,529043456,11268096,158.140,14.780
486.614,529043456,11268096,158.220,14.780
486.814,529043456,11268096,158.280,14.780
487.015,529043456,11268096,158.340,14.790
487.216,529043456,11268096,158.410,14.790
487.416,529043456,11268096,158.480,14.790
487.617,529043456,11268096,158.540,14.790
487.818,529043456,11268096,158.620,14.800
488.018,529043456,11268096,158.680,14.800
488.219,529043456,11268096,158.750,14.800
488.420,529043456,11268096,158.830,14.810
488.620,529043456,11268096,158.880,14.810
488.821,529043456,11268096,158.960,14.810
489.022,529043456,11268096,159.020,14.820
489.222,529043456,11268096,159.090,14.820
489.423,529043456,11268096,159.160,14.820
489.624,529043456,11268096,159.230,14.820
489.824,529043456,11268096,159.300,14.830
490.025,529043456,11268096,159.370,14.830
490.226,529043456,11268096,159.440,14.830
490.427,529043456,11268096,159.510,14.840
490.627,529043456,11268096,159.580,14.840
490.828,529043456,11268096,159.640,14.840
491.028,529043456,11268096,159.700,14.850
491.229,529043456,11268096,159.790,14.850
491.430,529043456,11268096,159.850,14.850
491.631,529043456,11268096,159.910,14.850
491.831,529043456,11268096,159.980,14.860
492.032,529043456,11268096,160.050,14.860
492.233,529043456,11268096,160.120,14.860
492.433,529043456,11268096,160.180,14.870
492.634,529043456,11268096,160.260,14.870
492.835,529043456,11268096,160.320,14.870
493.036,529043456,11268096,160.390,14.870
493.236,529043456,11268096,160.440,14.880
493.437,529043456,11268096,160.500,14.880
493.637,529043456,11268096,160.560,14.880
493.838,529043456,11268096,160.620,14.880
494.039,529043456,11268096,160.700,14.890
494.239,529043456,11268096,160.760,14.890
494.440,529043456,11268096,160.820,14.890
494.640,529043456,11268096,160.890,14.900
494.841,529043456,11268096,160.960,14.900
495.042,529043456,11268096,161.030,14.900
495.242,529043456,11268096,161.100,14.910
495.443,529043456,11268096,161.160,14.910
495.644,529059840,11268096,161.250,14.910
495.844,529059840,11268096,161.310,14.910
496.045,529059840,11268096,161.380,14.920
496.246,529059840,11268096,161.450,14.920
496.446,529059840,11268096,161.510,14.920
496.647,529059840,11268096,161.590,14.930
496.848,529059840,11268096,161.660,14.930
497.048,529059840,11268096,161.730,14.930
497.249,529059840,11268096,161.790,14.940
497.450,529059840,11268096,161.870,14.940
497.650,529059840,11268096,161.940,14.940
497.851,529059840,11268096,162.000,14.940
498.051,529059840,11268096,162.070,14.950
498.252,529059840,11268096,162.130,14.950
498.453,529059840,11268096,162.200,14.950
498.653,529059840,11268096,162.270,14.960
498.854,529059840,11268096,162.350,14.960
499.055,529059840,11268096,162.410,14.960
499.256,529059840,11268096,162.480,14.960
499.456,529059840,11268096,162.550,14.970
499.657,529059840,11268096,162.610,14.970
499.857,529059840,11268096,162.690,14.970
500.058,529059840,11268096,162.740,14.980
500.259,529059840,11268096,162.820,14.980
500.460,529059840,11268096,162.900,14.980
500.660,529059840,11268096,162.970,14.990
500.861,529059840,11268096,163.040,14.990
501.061,529059840,11268096,163.110,14.990
501.262,529059840,11268096,163.160,14.990
501.463,529059840,11268096,163.230,15.000
501.664,529059840,11268096,163.300,15.000
501.864,529059840,11268096,163.370,15.000
502.065,529059840,11268096,163.440,15.010
502.266,529059840,11268096,163.510,15.010
502.467,529059840,11268096,163.570,15.010
502.667,529059840,11268096,163.620,15.010
502.868,529059840,11268096,163.680,15.020
503.068,529059840,11268096,163.760,15.020
503.269,529059840,11268096,163.780,15.020
503.470,529059840,11268096,163.830,15.020
503.670,529059840,11268096,163.900,15.030
503.871,529059840,11268096,163.970,15.030
504.072,529059840,11268096,164.040,15.030
504.272,529059840,11268096,164.110,15.040
504.473,529059840,11268096,164.170,15.040
504.674,529059840,11268096,164.220,15.040
504.874,529059840,11268096,164.290,15.040
505.075,529059840,11268096,164.360,15.050
505.276,529059840,11268096,164.420,15.050
505.476,529059840,11268096,164.490,15.060
505.676,529059840,11268096,164.550,15.060
505.877,529059840,11268096,164.610,15.060
506.077,529059840,11268096,164.670,15.070
506.278,529059840,11268096,164.740,15.070
506.479,529059840,11268096,164.810,15.070
506.679,529059840,11268096,164.890,15.070
506.880,529059840,11268096,164.950,15.070
507.081,529059840,11268096,165.020,15.070
507.281,529059840,11268096,165.070,15.080
507.482,529059840,11268096,165.150,15.080
507.683,529059840,11268096,165.210,15.080
507.884,529059840,11268096,165.280,15.090
508.084,529059840,11268096,165.350,15.090
508.285,529059840,11268096,165.420,15.090
508.486,529059840,11268096,165.490,15.100
508.686,529059840,11268096,165.550,15.100
508.887,529059840,11268096,165.640,15.110
509.088,529059840,11268096,165.690,15.110
509.288,529059840,11268096,165.770,15.110
509.489,529059840,11268096,165.840,15.120
509.690,529059840,11268096,165.910,15.120
509.890,529059840,11268096,165.990,15.120
510.091,529059840,11268096,166.050,15.120
510.292,529059840,11268096,166.120,15.130
510.493,529059840,11268096,166.180,15.130
510.693,529059840,11268096,166.250,15.140
510.894,529059840,11268096,166.310,15.140
511.095,529059840,11268096,166.380,15.140
511.295,529059840,11268096,166.450,15.140
511.496,529059840,11268096,166.520,15.140
511.697,529059840,11268096,166.590,15.150
511.897,529059840,11268096,166.660,15.150
512.098,529059840,11268096,166.700,15.150
512.299,529059840,11268096,166.760,15.150
512.500,529059840,11268096,166.820,15.160
512.700,529059840,11268096,166.890,15.160
512.901,529059840,11268096,166.960,15.160
513.102,529059840,11268096,167.030,15.170
513.302,529059840,11268096,167.100,15.170
513.503,529059840,11268096,167.160,15.170
513.704,529059840,11268096,167.240,15.170
513.904,529059840,11268096,167.290,15.170
514.105,529059840,11268096,167.360,15.180
514.306,529059840,11268096,167.430,15.190
514.506,529059840,11268096,167.490,15.190
514.707,529059840,11268096,167.560,15.190
514.908,529059840,11268096,167.630,15.200
515.109,529059840,11268096,167.700,15.200
515.309,529059840,11268096,167.770,15.200
515.510,529059840,11268096,167.840,15.210
515.710,529059840,11268096,167.900,15.210
515.911,529059840,11268096,167.970,15.210
516.112,529059840,11268096,168.040,15.210
516.312,529059840,11268096,168.110,15.220
516.513,529059840,11268096,168.180,15.220
516.714,529059840,11268096,168.240,15.220
516.914,529059840,11268096,168.320,15.220
517.115,529059840,11268096,168.370,15.220
517.316,529059840,11268096,168.440,15.230
517.516,529059840,11268096,168.520,15.230
517.717,529059840,11268096,168.570,15.240
517.918,529059840,11268096,168.650,15.240
518.119,529059840,11268096,168.720,15.240
518.319,529059840,11268096,168.780,15.240
518.520,529059840,11268096,168.860,15.250
518.720,529059840,11268096,168.930,15.250
518.921,529059840,11268096,169.010,15.250
519.122,529059840,11268096,169.070,15.250
519.323,529059840,11268096,169.150,15.260
519.523,529059840,11268096,169.210,15.270
519.724,529059840,11268096,169.280,15.270
519.925,529059840,11268096,169.350,15.270
520.125,529059840,11268096,169.410,15.270
520.326,529059840,11268096,169.490,15.280
520.527,529059840,11268096,169.550,15.280
520.727,529059840,11268096,169.630,15.280
520.928,529059840,11268096,169.690,15.280
521.129,529059840,11268096,169.760,15.290
521.330,529059840,11268096,169.840,15.290
521.530,529059840,11268096,169.900,15.290
521.731,529059840,11268096,169.980,15.300
521.932,529059840,11268096,170.040,15.300
522.132,529059840,11268096,170.110,15.300
522.333,529059840,11268096,170.180,15.300
522.534,529059840,11268096,170.250,15.300
522.735,529059840,11268096,170.320,15.310
522.935,529059840,11268096,170.370,15.320
523.136,529059840,11268096,170.440,15.320
523.336,529059840,11268096,170.510,15.320
523.537,529059840,11268096,170.570,15.320
523.738,529059840,11268096,170.640,15.320
523.939,529059840,11268096,170.710,15.320
524.139,529059840,11268096,170.790,15.340
524.340,529059840,11268096,170.850,15.340
524.541,529059840,11268096,170.920,15.340
524.741,529059840,11268096,170.980,15.340
524.942,529059840,11268096,171.050,15.340
525.143,529059840,11268096,171.130,15.340
525.343,529059840,11268096,171.180,15.350
525.544,529059840,11268096,171.260,15.350
525.744,529059840,11268096,171.320,15.350
525.945,529059840,11268096,171.400,15.350
526.146,529059840,11268096,171.450,15.360
526.347,529059840,11268096,171.520,15.370
526.547,529059840,11268096,171.590,15.370
526.748,529059840,11268096,171.650,15.370
526.948,529059840,11268096,171.730,15.370
527.149,529059840,11268096,171.780,15.370
527.350,529059840,11268096,171.840,15.380
527.551,529059840,11268096,171.920,15.380
527.751,529059840,11268096,171.990,15.390
527.952,529059840,11268096,172.070,15.390
528.152,529059840,11268096,172.110,15.390
528.353,529059840,11268096,172.170,15.390
528.554,529059840,11268096,172.240,15.390
528.755,529059840,11268096,172.310,15.400
528.955,529059840,11268096,172.390,15.400
529.156,529059840,11268096,172.450,15.400
529.356,529059840,11268096,172.530,15.400
529.557,529059840,11268096,172.600,15.410
529.758,529059840,11268096,172.660,15.410
529.959,529059840,11268096,172.730,15.410
530.159,529059840,11268096,172.800,15.410
530.360,529059840,11268096,172.870,15.430
530.561,529059840,11268096,172.950,15.430
530.762,529059840,11268096,173.010,15.430
530.962,529059840,11268096,173.080,15.430
531.163,529059840,11268096,173.150,15.440
531.364,529059840,11268096,173.230,15.440
531.565,529059840,11268096,173.290,15.440
531.765,529059840,11268096,173.360,15.440
531.966,529059840,11268096,173.420,15.440
532.167,529059840,11268096,173.490,15.450
532.367,529059840,11268096,173.560,15.450
532.568,529059840,11268096,173.640,15.460
532.769,529059840,11268096,173.700,15.460
532.969,529059840,11268096,173.770,15.460
533.170,529059840,11268096,173.840,15.460
533.371,529059840,11268096,173.900,15.460
533.571,529059840,11268096,173.980,15.470
533.772,529059840,11268096,174.040,15.470
533.973,529059840,11268096,174.110,15.480
534.174,529059840,11268096,174.180,15.480
534.374,529059840,11268096,174.240,15.480
534.575,529059840,11268096,174.310,15.480
534.776,529059840,11268096,174.370,15.480
534.976,529059840,11268096,174.440,15.490
535.177,529059840,11268096,174.510,15.490
535.378,529059840,11268096,174.560,15.500
535.578,529059840,11268096,174.640,15.500
535.779,529059840,11268096,174.700,15.500
535.980,529059840,11268096,174.770,15.500
536.180,529059840,11268096,174.840,15.500
536.381,529059840,11268096,174.900,15.510
536.581,529059840,11268096,174.960,15.510
536.782,529059840,11268096,175.020,15.510
536.983,529059840,11268096,175.100,15.510
537.184,529059840,11268096,175.170,15.520
537.384,529059840,11268096,175.230,15.530
537.585,529059840,11268096,175.300,15.530
537.786,529059840,11268096,175.360,15.530
537.986,529059840,11268096,175.430,15.530
538.187,529059840,11268096,175.500,15.530
538.388,529059840,11268096,175.570,15.540
538.588,529059840,11268096,175.630,15.540
538.789,529059840,11268096,175.700,15.540
538.990,529059840,11268096,175.760,15.550
539.191,529059840,11268096,175.820,15.560
539.391,529059840,11268096,175.900,15.560
539.592,529059840,11268096,175.960,15.560
539.793,529059840,11268096,176.040,15.560
539.993,529059840,11268096,176.090,15.570
540.194,529059840,11268096,176.170,15.570
540.395,529059840,11268096,176.240,15.570
540.596,529059840,11268096,176.300,15.580
540.796,529059840,11268096,176.370,15.580
540.997,529059840,11268096,176.450,15.580
541.198,529059840,11268096,176.520,15.590
541.398,529059840,11268096,176.590,15.590
541.599,529059840,11268096,176.650,15.590
541.800,529059840,11268096,176.730,15.590
542.000,529059840,11268096,176.780,15.590
542.201,529059840,11268096,176.870,15.600
542.402,529059840,11268096,176.910,15.600
542.603,529059840,11268096,176.990,15.610
542.803,529059840,11268096,177.050,15.610
543.004,529059840,11268096,177.110,15.610
543.205,529059840,11268096,177.190,15.610
543.405,529059840,11268096,177.250,15.610
543.606,529059840,11268096,177.330,15.610
543.807,529059840,11268096,177.390,15.620
544.008,529059840,11268096,177.460,15.620
544.208,529059840,11268096,177.520,15.630
544.409,529059840,11268096,177.580,15.630
544.609,529059840,11268096,177.660,15.630
544.810,529059840,11268096,177.720,15.630
545.011,529059840,11268096,177.800,15.630
545.211,529059840,11268096,177.860,15.640
545.412,529059840,11268096,177.930,15.640
545.612,529059840,11268096,178.000,15.640
545.813,529059840,11268096,178.070,15.650
546.014,529059840,11268096,178.140,15.660
546.214,529059840,11268096,178.210,15.660
546.415,529059840,11268096,178.280,15.660
546.616,529059840,11268096,178.350,15.670
546.816,529059840,11268096,178.420,15.670
547.017,529059840,11268096,178.500,15.670
547.218,529059840,11268096,178.560,15.670
547.418,529059840,11268096,178.640,15.680
547.619,529059840,11268096,178.700,15.680
547.820,529059840,11268096,178.770,15.680
548.020,529059840,11268096,178.850,15.680
548.221,529059840,11268096,178.900,15.690
548.421,529059840,11268096,178.970,15.690
548.622,529059840,11268096,179.040,15.700
548.823,529059840,11268096,179.110,15.700
549.023,529059840,11268096,179.180,15.700
549.224,529059840,11268096,179.250,15.700
549.425,529059840,11268096,179.310,15.700
549.626,529059840,11268096,179.380,15.710
549.827,529059840,11268096,179.450,15.710
550.028,529059840,11268096,179.510,15.720
550.228,529059840,11268096,179.590,15.720
550.429,529059840,11268096,179.640,15.720
550.629,529059840,11268096,179.670,15.720
550.830,529059840,11268096,179.750,15.720
551.031,529059840,11268096,179.820,15.730
551.231,529059840,11268096,179.890,15.730
551.432,529059840,11268096,179.960,15.730
551.633,529059840,11268096,180.030,15.740
551.834,529059840,11268096,180.090,15.740
552.035,529059840,11268096,180.150,15.740
552.235,529059840,11268096,180.220,15.740
552.436,529059840,11268096,180.290,15.750
552.637,529059840,11268096,180.360,15.750
552.837,529059840,11268096,180.430,15.760
553.038,529059840,11268096,180.480,15.760
553.238,529059840,11268096,180.530,15.760
553.439,529059840,11268096,180.590,15.760
553.640,529059840,11268096,180.670,15.760
553.840,529059840,11268096,180.730,15.770
554.041,529059840,11268096,180.800,15.780
554.241,529059840,11268096,180.860,15.780
554.442,529059840,11268096,180.910,15.780
554.643,529059840,11268096,180.990,15.780
554.843,529059840,11268096,181.050,15.780
555.044,529059840,11268096,181.120,15.780
555.245,529059840,11268096,181.190,15.790
555.445,529059840,11268096,181.250,15.790
555.646,529059840,11268096,181.310,15.790
555.847,529059840,11268096,181.380,15.800
556.048,529059840,11268096,181.450,15.810
556.248,529059840,11268096,181.510,15.810
556.449,529059840,11268096,181.590,15.810
556.650,529059840,11268096,181.650,15.810
556.850,529059840,11268096,181.730,15.820
557.051,529059840,11268096,181.790,15.820
557.252,529059840,11268096,181.850,15.820
557.452,529059840,11268096,181.930,15.820
557.653,529059840,11268096,181.990,15.830
557.854,529059840,11268096,182.060,15.830
558.054,529059840,11268096,182.130,15.830
558.255,529059840,11268096,182.170,15.830
558.455,529059840,11268096,182.190,15.830
558.655,529059840,11268096,182.210,15.830
558.856,529059840,11268096,182.230,15.830
559.056,529059840,11268096,182.250,15.830
559.256,529059840,11268096,182.270,15.830
559.456,529059840,11268096,182.290,15.840
559.658,529059840,11268096,182.310,15.840
559.859,529059840,11268096,182.340,15.840
560.059,529059840,11268096,182.420,15.850
560.260,529059840,11268096,182.480,15.850
560.460,529059840,11268096,182.540,15.850
560.661,529059840,11268096,182.620,15.850
560.862,529059840,11268096,182.700,15.850
561.062,529059840,11268096,182.760,15.850
561.263,529059840,11268096,182.790,15.860
561.463,529059840,11268096,182.860,15.870
561.664,529059840,11268096,182.930,15.870
561.864,529059840,11268096,182.990,15.870
562.065,529059840,11268096,183.060,15.870
562.266,529059840,11268096,183.130,15.870
562.467,529059840,11268096,183.200,15.870
562.668,529059840,11268096,183.260,15.870
562.868,529059840,11268096,183.330,15.880
563.069,529059840,11268096,183.400,15.890
563.269,529059840,11268096,183.450,15.890
563.470,529059840,11268096,183.510,15.890
563.671,529059840,11268096,183.570,15.890
563.871,529059840,11268096,183.640,15.900
564.072,529059840,11268096,183.700,15.900
564.273,529059840,11268096,183.750,15.900
564.474,529059840,11268096,183.800,15.900
564.674,529059840,11268096,183.870,15.910
564.875,529059840,11268096,183.930,15.910
565.075,529059840,11268096,184.000,15.920
565.276,529059840,11268096,184.070,15.920
565.476,529059840,11268096,184.130,15.920
565.677,529059840,11268096,184.200,15.920
565.877,529059840,11268096,184.270,15.930
566.078,529059840,11268096,184.350,15.930
566.279,529059840,11268096,184.400,15.930
566.479,529059840,11268096,184.470,15.930
566.680,529059840,11268096,184.540,15.930
566.881,529059840,11268096,184.600,15.940
567.082,529059840,11268096,184.680,15.950
567.283,529059840,11268096,184.740,15.950
567.483,529059840,11268096,184.820,15.950
567.684,529059840,11268096,184.880,15.950
567.885,529059840,11268096,184.960,15.960
568.085,529059840,11268096,185.020,15.960
568.286,529059840,11268096,185.080,15.960
568.487,529059840,11268096,185.140,15.960
568.687,529059840,11268096,185.200,15.970
568.888,529059840,11268096,185.280,15.970
569.089,529059840,11268096,185.340,15.970
569.289,529059840,11268096,185.410,15.980
569.490,529059840,11268096,185.480,15.980
569.691,529059840,11268096,185.540,15.980
569.891,529059840,11268096,185.620,15.990
570.092,529059840,11268096,185.690,15.990
570.293,529059840,11268096,185.760,15.990
570.493,529059840,11268096,185.830,15.990
570.694,529059840,11268096,185.900,15.990
570.895,529059840,11268096,185.970,16.000
571.095,529059840,11268096,186.040,16.000
571.296,529059840,11268096,186.110,16.000
571.497,529059840,11268096,186.180,16.010
571.697,529059840,11268096,186.250,16.010
571.898,529059840,11268096,186.320,16.010
572.099,529059840,11268096,186.360,16.010
572.300,529059840,11268096,186.430,16.020
572.500,529059840,11268096,186.480,16.020
572.701,529059840,11268096,186.560,16.020
572.902,529059840,11268096,186.630,16.030
573.102,529059840,11268096,186.690,16.030
573.303,529059840,11268096,186.760,16.030
573.503,529059840,11268096,186.830,16.030
573.704,529059840,11268096,186.900,16.040
573.905,529059840,11268096,186.970,16.040
574.105,529059840,11268096,187.030,16.050
574.306,529059840,11268096,187.100,16.050
574.507,529059840,11268096,187.160,16.050
574.707,529059840,11268096,187.240,16.050
574.908,529059840,11268096,187.300,16.060
575.109,529059840,11268096,187.370,16.060
575.309,529059840,11268096,187.420,16.060
575.510,529059840,11268096,187.490,16.060
575.711,529059840,11268096,187.570,16.060
575.911,529059840,11268096,187.630,16.070
576.112,529059840,11268096,187.700,16.080
576.313,529059840,11268096,187.760,16.080
576.513,529059840,11268096,187.840,16.080
576.714,529059840,11268096,187.900,16.080
576.915,529059840,11268096,187.970,16.090
577.116,529059840,11268096,188.040,16.090
577.317,529059840,11268096,188.100,16.090
577.517,529059840,11268096,188.170,16.090
577.718,529059840,11268096,188.240,16.100
577.919,529059840,11268096,188.310,16.100
578.119,529059840,11268096,188.360,16.100
578.319,529059840,11268096,188.410,16.100
578.520,529059840,11268096,188.490,16.100
578.721,529059840,11268096,188.560,16.120
578.921,529059840,11268096,188.630,16.120
579.122,529059840,11268096,188.700,16.120
579.323,529059840,11268096,188.770,16.120
579.523,529059840,11268096,188.830,16.120
579.724,529059840,11268096,188.900,16.130
579.925,529059840,11268096,188.980,16.130
580.126,529059840,11268096,189.040,16.130
580.327,529059840,11268096,189.110,16.130
580.527,529059840,11268096,189.170,16.140
580.728,529059840,11268096,189.250,16.140
580.929,529059840,11268096,189.320,16.140
581.129,529059840,11268096,189.390,16.140
581.330,529059840,11268096,189.460,16.150
581.531,529059840,11268096,189.520,16.160
581.732,529059840,11268096,189.600,16.160
581.932,529059840,11268096,189.660,16.160
582.133,529059840,11268096,189.730,16.160
582.334,529059840,11268096,189.800,16.160
582.534,529059840,11268096,189.860,16.160
582.735,529059840,11268096,189.930,16.170
582.935,529059840,11268096,189.980,16.170
583.136,529059840,11268096,190.030,16.170
583.337,529059840,11268096,190.090,16.170
583.537,529059840,11268096,190.170,16.180
583.738,529059840,11268096,190.240,16.190
583.939,529059840,11268096,190.300,16.190
584.140,529059840,11268096,190.370,16.190
584.340,529059840,11268096,190.430,16.190
584.541,529059840,11268096,190.500,16.190
584.742,529059840,11268096,190.580,16.200
584.942,529059840,11268096,190.640,16.200
585.143,529059840,11268096,190.710,16.200
585.344,529059840,11268096,190.770,16.200
585.545,529059840,11268096,190.840,16.210
585.745,529059840,11268096,190.900,16.210
585.946,529059840,11268096,190.970,16.220
586.147,529059840,11268096,191.040,16.220
586.348,529059840,11268096,191.110,16.220
586.548,529059840,11268096,191.180,16.230
586.749,529059840,11268096,191.240,16.230
586.950,529059840,11268096,191.330,16.230
587.150,529059840,11268096,191.400,16.230
587.351,529059840,11268096,191.470,16.240
587.551,529059840,11268096,191.530,16.250
587.752,529059840,11268096,191.600,16.250
587.953,529059840,11268096,191.680,16.250
588.153,529059840,11268096,191.740,16.250
588.354,529059840,11268096,191.800,16.250
588.555,529059840,11268096,191.880,16.250
588.756,529059840,11268096,191.940,16.260
588.957,529059840,11268096,192.010,16.260
589.157,529059840,11268096,192.080,16.270
589.358,529059840,11268096,192.140,16.270
589.559,529059840,11268096,192.200,16.270
589.759,529059840,11268096,192.270,16.270
589.960,529059840,11268096,192.340,16.280
590.161,529059840,11268096,192.410,16.280
590.361,529059840,11268096,192.480,16.280
590.562,529059840,11268096,192.530,16.290
590.763,529059840,11268096,192.610,16.290
590.963,529059840,11268096,192.680,16.290
591.164,529059840,11268096,192.750,16.290
591.365,529059840,11268096,192.820,16.300
591.566,529059840,11268096,192.890,16.300
591.766,529059840,11268096,192.960,16.300
591.967,529059840,11268096,193.020,16.310
592.168,529059840,11268096,193.100,16.310
592.368,529059840,11268096,193.160,16.310
592.569,529059840,11268096,193.230,16.310
592.770,529059840,11268096,193.300,16.320
592.970,529059840,11268096,193.360,16.320
593.171,529059840,11268096,193.430,16.330
593.372,529059840,11268096,193.490,16.330
593.572,529059840,11268096,193.550,16.330
593.773,529059840,11268096,193.620,16.340
593.974,529059840,11268096,193.690,16.340
594.174,529059840,11268096,193.750,16.340
594.375,529059840,11268096,193.820,16.340
594.576,529059840,11268096,193.890,16.340
594.776,529059840,11268096,193.960,16.350
594.977,529059840,11268096,194.040,16.360
595.178,529059840,11268096,194.110,16.360
595.378,529059840,11268096,194.170,16.360
595.579,529059840,11268096,194.240,16.360
595.780,529059840,11268096,194.310,16.370
595.980,529059840,11268096,194.380,16.370
596.181,529059840,11268096,194.450,16.370
596.382,529059840,11268096,194.530,16.370
596.582,529059840,11268096,194.600,16.370
596.783,529059840,11268096,194.670,16.370
596.984,529059840,11268096,194.740,16.380
597.184,529059840,11268096,194.800,16.390
597.385,529059840,11268096,194.870,16.390
597.586,529059840,11268096,194.930,16.390
597.787,529059840,11268096,194.980,16.390
597.987,529059840,11268096,195.050,16.390
598.188,529059840,11268096,195.120,16.400
598.389,529059840,11268096,195.190,16.400
598.589,529059840,11268096,195.260,16.410
598.790,529059840,11268096,195.330,16.410
598.991,529059840,11268096,195.400,16.410
599.192,529059840,11268096,195.470,16.410
599.393,529059840,11268096,195.540,16.420
599.593,529059840,11268096,195.610,16.420
599.794,529059840,11268096,195.680,16.420
599.994,529059840,11268096,195.750,16.430
600.195,529059840,11268096,195.820,16.430
600.396,529059840,11268096,195.890,16.440
600.597,529059840,11268096,195.950,16.440
600.798,529059840,11268096,196.040,16.440
600.998,529059840,11268096,196.090,16.440
601.199,529059840,11268096,196.150,16.440
601.399,529059840,11268096,196.230,16.440
601.600,529059840,11268096,196.300,16.450
601.801,529059840,11268096,196.370,16.460
602.001,529059840,11268096,196.430,16.460
602.202,529059840,11268096,196.500,16.460
602.402,529059840,11268096,196.560,16.460
602.603,529059840,11268096,196.630,16.460
602.804,529059840,11268096,196.700,16.460
603.011,529059840,11268096,196.780,16.470
603.211,529059840,11268096,196.830,16.480
603.412,529059840,11268096,196.880,16.480
603.612,529059840,11268096,196.960,16.480
603.813,529059840,11268096,197.010,16.480
604.014,529059840,11268096,197.090,16.480
604.214,529059840,11268096,197.160,16.480
604.415,529059840,11268096,197.220,16.480
604.615,529059840,11268096,197.280,16.490
604.816,529059840,11268096,197.360,16.490
605.017,529059840,11268096,197.420,16.500
605.217,529059840,11268096,197.500,16.500
605.418,529059840,11268096,197.560,16.500
605.619,529059840,11268096,197.620,16.500
605.819,529059840,11268096,197.700,16.510
606.020,529059840,11268096,197.760,16.510
606.221,529059840,11268096,197.830,16.520
606.421,529059840,11268096,197.890,16.520
606.622,529059840,11268096,197.950,16.520
606.823,529059840,11268096,198.020,16.520
607.024,529059840,11268096,198.080,16.530
607.224,529059840,11268096,198.150,16.530
607.425,529059840,11268096,198.210,16.530
607.626,529059840,11268096,198.280,16.540
607.827,529059840,11268096,198.340,16.540
608.028,529059840,11268096,198.410,16.540
608.228,529059840,11268096,198.480,16.540
608.429,529059840,11268096,198.550,16.540
608.630,529059840,11268096,198.620,16.550
608.831,529059840,11268096,198.690,16.550
609.031,529059840,11268096,198.750,16.550
609.232,529059840,11268096,198.800,16.550
609.433,529059840,11268096,198.860,16.560
609.633,529059840,11268096,198.940,16.560
609.834,529059840,11268096,199.010,16.570
610.035,529059840,11268096,199.060,16.570
610.235,529059840,11268096,199.140,16.570
610.436,529059840,11268096,199.200,16.580
610.637,529059840,11268096,199.270,16.580
610.837,529059840,11268096,199.340,16.590
611.038,529059840,11268096,199.410,16.590
611.239,529059840,11268096,199.480,16.590
611.439,529059840,11268096,199.540,16.590
611.640,529059840,11268096,199.610,16.600
611.841,529059840,11268096,199.670,16.600
612.041,529059840,11268096,199.730,16.600
612.242,529059840,11268096,199.800,16.600
612.443,529059840,11268096,199.860,16.610
612.643,529059840,11268096,199.940,16.610
612.844,529059840,11268096,200.000,16.610
613.044,529059840,11268096,200.070,16.610
613.245,529059840,11268096,200.140,16.610
613.445,529059840,11268096,200.190,16.620
613.646,529059840,11268096,200.270,16.630
613.847,529059840,11268096,200.330,16.630
614.047,529059840,11268096,200.400,16.630
614.248,529059840,11268096,200.460,16.630
614.449,529059840,11268096,200.520,16.630
614.649,529059840,11268096,200.580,16.640
614.850,529059840,11268096,200.660,16.640
615.051,529059840,11268096,200.720,16.640
615.251,529059840,11268096,200.790,16.650
615.452,529059840,11268096,200.880,16.650
615.652,529059840,11268096,200.930,16.650
615.853,529059840,11268096,201.000,16.650
616.054,529059840,11268096,201.080,16.660
616.254,529059840,11268096,201.140,16.660
616.455,529059840,11268096,201.210,16.660
616.656,529059840,11268096,201.270,16.670
616.856,529059840,11268096,201.350,16.670
617.057,529059840,11268096,201.410,16.670
617.258,529059840,11268096,201.480,16.680
617.458,529059840,11268096,201.550,16.680
617.659,529059840,11268096,201.620,16.680
617.860,529059840,11268096,201.680,16.680
618.061,529059840,11268096,201.750,16.680
618.261,529059840,11268096,201.810,16.690
618.462,529059840,11268096,201.880,16.690
618.663,529059840,11268096,201.950,16.690
618.864,529059840,11268096,202.020,16.700
619.064,529059840,11268096,202.080,16.700
619.265,529059840,11268096,202.150,16.710
619.465,529059840,11268096,202.180,16.710
619.666,529059840,11268096,202.250,16.710
619.867,529059840,11268096,202.310,16.710
620.067,529059840,11268096,202.380,16.720
620.268,529059840,11268096,202.450,16.720
620.469,529059840,11268096,202.520,16.720
620.669,529059840,11268096,202.570,16.730
620.870,529059840,11268096,202.620,16.730
621.070,529059840,11268096,202.700,16.730
621.271,529059840,11268096,202.770,16.730
621.474,529059840,11268096,202.830,16.730
621.675,529059840,11268096,202.880,16.740
621.875,529059840,11268096,202.950,16.740
622.076,529059840,11268096,203.030,16.740
622.276,529059840,11268096,203.080,16.740
622.477,529059840,11268096,203.150,16.750
622.678,529059840,11268096,203.220,16.750
622.879,529059840,11268096,203.290,16.750
623.079,529059840,11268096,203.360,16.750
623.280,529059840,11268096,203.430,16.760
623.480,529059840,11268096,203.490,16.760
623.681,529059840,11268096,203.560,16.770
623.882,529059840,11268096,203.630,16.770
624.083,529059840,11268096,203.680,16.780
624.283,529059840,11268096,203.750,16.780
624.484,529059840,11268096,203.820,16.780
624.685,529059840,11268096,203.880,16.780
624.885,529059840,11268096,203.950,16.780
625.086,529059840,11268096,204.010,16.780
625.287,529059840,11268096,204.080,16.780
625.487,529059840,11268096,204.150,16.790
625.688,529059840,11268096,204.190,16.790
625.888,529059840,11268096,204.270,16.790
626.089,529059840,11268096,204.320,16.800
626.289,529059840,11268096,204.400,16.800
626.490,529059840,11268096,204.460,16.800
626.691,529059840,11268096,204.540,16.810
626.892,529059840,11268096,204.610,16.820
627.092,529059840,11268096,204.670,16.820
627.293,529059840,11268096,204.760,16.820
627.493,529059840,11268096,204.820,16.830
627.694,529059840,11268096,204.890,16.830
627.895,529059840,11268096,204.960,16.830
628.095,529059840,11268096,205.020,16.840
628.296,529059840,11268096,205.100,16.840
628.496,529059840,11268096,205.150,16.840
628.697,529059840,11268096,205.210,16.840
628.897,529059840,11268096,205.270,16.840
629.098,529059840,11268096,205.340,16.840
629.299,529059840,11268096,205.420,16.850
629.500,529059840,11268096,205.470,16.860
629.700,529059840,11268096,205.530,16.860
629.901,529059840,11268096,205.590,16.860
630.101,529059840,11268096,205.660,16.860
630.302,529059840,11268096,205.740,16.860
630.503,529059840,11268096,205.790,16.860
630.703,529059840,11268096,205.870,16.860
630.904,529059840,11268096,205.940,16.880
631.105,529059840,11268096,206.010,16.880
631.306,529059840,11268096,206.070,16.880
631.506,529059840,11268096,206.140,16.880
631.707,529059840,11268096,206.210,16.880
631.908,529059840,11268096,206.280,16.890
632.108,529059840,11268096,206.360,16.890
632.309,529059840,11268096,206.440,16.890
632.509,529059840,11268096,206.490,16.890
632.710,529059840,11268096,206.540,16.890
632.910,529059840,11268096,206.590,16.900
633.111,529059840,11268096,206.650,16.900
633.312,529059840,11268096,206.710,16.900
633.512,529059840,11268096,206.790,16.910
633.713,529059840,11268096,206.850,16.910
633.914,529059840,11268096,206.920,16.920
634.114,529059840,11268096,206.990,16.920
634.315,529059840,11268096,207.050,16.920
634.516,529059840,11268096,207.120,16.920
634.716,529059840,11268096,207.180,16.920
634.917,529059840,11268096,207.250,16.930
635.118,529059840,11268096,207.330,16.930
635.318,529059840,11268096,207.390,16.930
635.519,529059840,11268096,207.460,16.930
635.720,529059840,11268096,207.530,16.940
635.920,529059840,11268096,207.600,16.940
636.121,529059840,11268096,207.650,16.940
636.321,529059840,11268096,207.700,16.940
636.522,529059840,11268096,207.760,16.940
636.723,529059840,11268096,207.810,16.950
636.924,529059840,11268096,207.890,16.960
637.124,529059840,11268096,207.950,16.960
637.325,529059840,11268096,208.030,16.960
637.526,529059840,11268096,208.090,16.970
637.727,529059840,11268096,208.160,16.970
637.927,529059840,11268096,208.230,16.970
638.127,529059840,11268096,208.250,16.970
638.327,529059840,11268096,208.270,16.970
638.528,529059840,11268096,208.290,16.970
638.728,529059840,11268096,208.310,16.970
638.928,529059840,11268096,208.340,16.970
639.128,529059840,11268096,208.360,16.980
639.329,529059840,11268096,208.380,16.980
639.529,529059840,11268096,208.400,16.980
639.729,529059840,11268096,208.420,16.980
639.929,529059840,11268096,208.450,16.980
640.130,529059840,11268096,208.460,16.980
640.330,529059840,11268096,208.480,16.980
640.530,529059840,11268096,208.500,16.980
640.730,529059840,11268096,208.520,16.980
640.931,529059840,11268096,208.550,16.980
641.131,529059840,11268096,208.560,16.980
641.331,529059840,11268096,208.580,16.980
641.531,529059840,11268096,208.600,16.980
641.731,529059840,11268096,208.620,16.990
641.932,529059840,11268096,208.640,16.990
642.132,529059840,11268096,208.670,16.990
642.332,529059840,11268096,208.680,16.990
642.533,529059840,11268096,208.710,16.990
642.733,529059840,11268096,208.730,16.990
642.933,529059840,11268096,208.750,17.000
643.133,529059840,11268096,208.760,17.000
643.334,529059840,11268096,208.790,17.000
643.534,529059840,11268096,208.810,17.000
643.734,529059840,11268096,208.830,17.000
643.934,529059840,11268096,208.850,17.000
644.134,529059840,11268096,208.870,17.000
644.335,529059840,11268096,208.890,17.000
644.535,529059840,11268096,208.910,17.000
644.735,529059840,11268096,208.940,17.000
644.935,529059840,11268096,208.960,17.000
645.136,529059840,11268096,208.980,17.000
645.336,529059840,11268096,208.990,17.000
645.536,529059840,11268096,209.010,17.000
645.736,529059840,11268096,209.030,17.010
645.937,529059840,11268096,209.060,17.010
646.137,529059840,11268096,209.070,17.010
646.337,529059840,11268096,209.100,17.010
646.537,529059840,11268096,209.120,17.010
646.738,529059840,11268096,209.150,17.010
646.938,529059840,11268096,209.160,17.010
647.138,529059840,11268096,209.180,17.010
647.338,529059840,11268096,209.200,17.010
647.538,529059840,11268096,209.230,17.020
647.739,529059840,11268096,209.250,17.020
647.939,529059840,11268096,209.270,17.020
648.139,529059840,11268096,209.290,17.020
648.339,529059840,11268096,209.300,17.020
648.540,529059840,11268096,209.330,17.020
648.740,529059840,11268096,209.340,17.020
648.940,529059840,11268096,209.360,17.020
649.140,529059840,11268096,209.390,17.020
649.341,529059840,11268096,209.400,17.020
649.541,529059840,11268096,209.430,17.020
649.741,529059840,11268096,209.460,17.020
649.942,529059840,11268096,209.480,17.030
650.146,529059840,11268096,209.500,17.030
650.347,529059840,11268096,209.530,17.030
650.547,529059840,11268096,209.560,17.030
650.747,529059840,11268096,209.580,17.030
650.947,529059840,11268096,209.610,17.030
651.148,529059840,11268096,209.640,17.030
651.348,529059840,11268096,209.660,17.030
651.548,529059840,11268096,209.690,17.040
651.749,529059840,11268096,209.710,17.040
651.950,529059840,11268096,209.740,17.040
652.151,529059840,11268096,209.770,17.040
652.351,529059840,11268096,209.800,17.040
652.551,529059840,11268096,209.820,17.040
652.752,529059840,11268096,209.850,17.040
652.952,529059840,11268096,209.870,17.050
653.152,529059840,11268096,209.900,17.050
653.352,529059840,11268096,209.910,17.050
653.554,529059840,11268096,209.940,17.050
653.755,529059840,11268096,209.960,17.050
653.955,529059840,11268096,209.990,17.050
654.155,529059840,11268096,210.010,17.050
654.356,529059840,11268096,210.050,17.050
654.556,529059840,11268096,210.080,17.050
654.757,529059840,11268096,210.100,17.050
654.957,529059840,11268096,210.120,17.050
655.158,529059840,11268096,210.150,17.050
655.358,529059840,11268096,210.180,17.050
655.562,529059840,11268096,210.200,17.050
655.763,529059840,11268096,210.240,17.060
655.963,529059840,11268096,210.250,17.060
656.163,529059840,11268096,210.290,17.060
656.364,529059840,11268096,210.310,17.060
656.564,529059840,11268096,210.340,17.070
656.764,529059840,11268096,210.370,17.070
656.964,529059840,11268096,210.400,17.070
657.165,529059840,11268096,210.430,17.070
657.365,529059840,11268096,210.460,17.070
657.566,529059840,11268096,210.490,17.070
657.766,529059840,11268096,210.510,17.070
657.966,529059840,11268096,210.540,17.070
658.166,529059840,11268096,210.570,17.080
658.367,529059840,11268096,210.600,17.080
658.567,529059840,11268096,210.630,17.080
658.767,529059840,11268096,210.670,17.080
658.968,529059840,11268096,210.690,17.080
659.168,529059840,11268096,210.710,17.090
659.368,529059840,11268096,210.740,17.090
659.569,529059840,11268096,210.770,17.090
659.769,529059840,11268096,210.790,17.090
659.969,529059840,11268096,210.820,17.090
660.169,529059840,11268096,210.830,17.090
660.370,529059840,11268096,210.850,17.090
660.570,529059840,11268096,210.880,17.090
660.770,529059840,11268096,210.890,17.090
660.970,529059840,11268096,210.910,17.090
661.171,529059840,11268096,210.940,17.090
661.371,529059840,11268096,210.950,17.090
661.571,529059840,11268096,210.970,17.090
661.771,529059840,11268096,211.000,17.100
661.972,529059840,11268096,211.020,17.100
662.172,529059840,11268096,211.050,17.100
662.372,529059840,11268096,211.070,17.100
662.573,529059840,11268096,211.100,17.100
662.773,529059840,11268096,211.130,17.110
662.973,529059840,11268096,211.150,17.110
663.173,529059840,11268096,211.180,17.110
663.374,529059840,11268096,211.210,17.110
663.574,529059840,11268096,211.230,17.110
663.774,529059840,11268096,211.250,17.110
663.975,529059840,11268096,211.280,17.110
664.178,529059840,11268096,211.310,17.110
664.378,529059840,11268096,211.330,17.110
664.579,529059840,11268096,211.370,17.110
664.779,529059840,11268096,211.390,17.110
664.983,529059840,11268096,211.430,17.110
665.183,529059840,11268096,211.450,17.120
665.384,529059840,11268096,211.480,17.120
665.584,529059840,11268096,211.510,17.120
665.784,529059840,11268096,211.540,17.130
665.984,529059840,11268096,211.570,17.130
666.186,529059840,11268096,211.590,17.130
666.387,529059840,11268096,211.620,17.130
666.587,529059840,11268096,211.650,17.130
666.787,529059840,11268096,211.670,17.130
666.988,529059840,11268096,211.700,17.130
667.188,529059840,11268096,211.720,17.130
667.388,529059840,11268096,211.750,17.130
667.589,529059840,11268096,211.780,17.130
667.789,529059840,11268096,211.810,17.140
667.989,529059840,11268096,211.840,17.140
668.189,529059840,11268096,211.860,17.140
668.390,529059840,11268096,211.890,17.140
668.590,529059840,11268096,211.920,17.140
668.790,529059840,11268096,211.940,17.140
668.991,529059840,11268096,211.970,17.140
669.191,529059840,11268096,212.000,17.140
669.394,529059840,11268096,212.020,17.140
669.595,529059840,11268096,212.050,17.140
669.795,529059840,11268096,212.080,17.150
669.995,529059840,11268096,212.120,17.150
670.196,529059840,11268096,212.140,17.150
670.396,529059840,11268096,212.170,17.150
670.597,529059840,11268096,212.190,17.150
670.797,529059840,11268096,212.230,17.150
670.997,529059840,11268096,212.250,17.150
671.198,529059840,11268096,212.290,17.150
671.398,529059840,11268096,212.310,17.150
671.599,529059840,11268096,212.350,17.150
671.800,529059840,11268096,212.370,17.160
672.000,529059840,11268096,212.400,17.160
672.201,529059840,11268096,212.430,17.170
672.401,529059840,11268096,212.460,17.170
672.601,529059840,11268096,212.510,17.170
672.802,529059840,11268096,212.530,17.170
673.002,529059840,11268096,212.570,17.170
673.202,529059840,11268096,212.600,17.170
673.403,529059840,11268096,212.640,17.170
673.604,529059840,11268096,212.670,17.180
673.806,529059840,11268096,212.710,17.180
674.007,529059840,11268096,212.750,17.180
674.207,529059840,11268096,212.780,17.180
674.407,529059840,11268096,212.810,17.180
674.608,529059840,11268096,212.840,17.180
674.808,529059840,11268096,212.880,17.180
675.008,529059840,11268096,212.910,17.180
675.209,529059840,11268096,212.940,17.180
675.409,529059840,11268096,212.960,17.180
675.609,529059840,11268096,212.990,17.190
675.809,529059840,11268096,213.010,17.190
676.010,529059840,11268096,213.030,17.190
676.210,529059840,11268096,213.100,17.190
676.411,529059840,11268096,213.170,17.190
676.612,529059840,11268096,213.240,17.190
676.812,529059840,11268096,213.300,17.200
677.013,529059840,11268096,213.380,17.210
677.214,529059840,11268096,213.430,17.210
677.414,529059840,11268096,213.480,17.210
677.615,529059840,11268096,213.550,17.210
677.816,529059840,11268096,213.620,17.210
678.016,529059840,11268096,213.690,17.210
678.217,529059840,11268096,213.750,17.210
678.418,529059840,11268096,213.810,17.220
678.619,529059840,11268096,213.870,17.220
678.819,529059840,11268096,213.930,17.230
679.020,529059840,11268096,214.000,17.230
679.221,529059840,11268096,214.070,17.240
679.422,529059840,11268096,214.140,17.240
679.623,529059840,11268096,214.210,17.240
679.823,529059840,11268096,214.290,17.240
680.024,529059840,11268096,214.350,17.250
680.225,529059840,11268096,214.410,17.250
680.425,529059840,11268096,214.490,17.250
680.626,529059840,11268096,214.550,17.250
680.827,529059840,11268096,214.620,17.260
681.028,529059840,11268096,214.690,17.260
681.228,529059840,11268096,214.750,17.260
681.429,529059840,11268096,214.830,17.260
681.629,529059840,11268096,214.880,17.260
681.830,529059840,11268096,214.960,17.270
682.031,529059840,11268096,215.030,17.270
682.231,529059840,11268096,215.100,17.270
682.432,529059840,11268096,215.160,17.280
682.632,529059840,11268096,215.230,17.280
682.833,529059840,11268096,215.300,17.280
683.034,529059840,11268096,215.360,17.280
683.234,529059840,11268096,215.440,17.290
683.435,529059840,11268096,215.510,17.290
683.636,529059840,11268096,215.570,17.300
683.836,529059840,11268096,215.650,17.300
684.037,529059840,11268096,215.720,17.300
684.238,529059840,11268096,215.800,17.300
684.438,529059840,11268096,215.860,17.310
684.639,529059840,11268096,215.940,17.310
684.839,529059840,11268096,215.990,17.310
685.040,529059840,11268096,216.060,17.320
685.241,529059840,11268096,216.120,17.320
685.441,529059840,11268096,216.190,17.320
685.642,529059840,11268096,216.260,17.320
685.843,529059840,11268096,216.320,17.330
686.044,529059840,11268096,216.390,17.330
686.244,529059840,11268096,216.460,17.330
686.445,529059840,11268096,216.520,17.340
686.646,529059840,11268096,216.590,17.340
686.846,529059840,11268096,216.650,17.340
687.047,529059840,11268096,216.720,17.350
687.248,529059840,11268096,216.790,17.350
687.448,529059840,11268096,216.850,17.350
687.649,529059840,11268096,216.920,17.350
687.850,529059840,11268096,216.990,17.350
688.050,529059840,11268096,217.070,17.370
688.251,529059840,11268096,217.130,17.370
688.451,529059840,11268096,217.210,17.370
688.652,529059840,11268096,217.270,17.370
688.853,529059840,11268096,217.340,17.370
689.054,529059840,11268096,217.410,17.380
689.254,529059840,11268096,217.480,17.380
689.455,529059840,11268096,217.550,17.380
689.656,529059840,11268096,217.610,17.390
689.857,529059840,11268096,217.690,17.390
690.057,529059840,11268096,217.760,17.400
690.258,529059840,11268096,217.830,17.400
690.459,529059840,11268096,217.890,17.400
690.659,529059840,11268096,217.950,17.400
690.860,529059840,11268096,218.020,17.400
691.061,529059840,11268096,218.090,17.410
691.262,529059840,11268096,218.170,17.410
691.462,529059840,11268096,218.230,17.410
691.663,529059840,11268096,218.300,17.420
691.864,529059840,11268096,218.370,17.420
692.065,529059840,11268096,218.430,17.420
692.265,529059840,11268096,218.510,17.420
692.465,529059840,11268096,218.570,17.420
692.666,529059840,11268096,218.620,17.430
692.867,529059840,11268096,218.670,17.430
693.067,529059840,11268096,218.750,17.430
693.268,529059840,11268096,218.820,17.430
693.469,529059840,11268096,218.880,17.450
693.669,529059840,11268096,218.950,17.450
693.870,529059840,11268096,219.010,17.450
694.070,529059840,11268096,219.080,17.450
694.271,529059840,11268096,219.140,17.450
694.471,529059840,11268096,219.200,17.460
694.672,529059840,11268096,219.280,17.460
694.873,529059840,11268096,219.340,17.460
695.073,529059840,11268096,219.400,17.460
695.274,529059840,11268096,219.470,17.470
695.475,529059840,11268096,219.540,17.470
695.676,529059840,11268096,219.610,17.470
695.876,529059840,11268096,219.680,17.470
696.077,529059840,11268096,219.750,17.480
696.278,529059840,11268096,219.810,17.490
696.478,529059840,11268096,219.880,17.490
696.679,529059840,11268096,219.950,17.490
696.880,529059840,11268096,220.020,17.490
697.080,529059840,11268096,220.080,17.490
697.281,529059840,11268096,220.150,17.500
697.482,529059840,11268096,220.220,17.500
697.682,529059840,11268096,220.280,17.500
697.883,529059840,11268096,220.350,17.510
698.084,529059840,11268096,220.430,17.510
698.284,529059840,11268096,220.490,17.510
698.485,529059840,11268096,220.550,17.520
698.686,529059840,11268096,220.630,17.520
698.886,529059840,11268096,220.700,17.530
699.087,529059840,11268096,220.770,17.530
699.287,529059840,11268096,220.840,17.530
699.488,529059840,11268096,220.900,17.530
699.688,529059840,11268096,220.960,17.530
699.889,529059840,11268096,221.030,17.530
700.090,529059840,11268096,221.090,17.530
700.291,529059840,11268096,221.150,17.540
700.491,529059840,11268096,221.210,17.540
700.692,529059840,11268096,221.270,17.540
700.893,529059840,11268096,221.350,17.540
701.093,529059840,11268096,221.420,17.550
701.294,529059840,11268096,221.480,17.550
701.495,529059840,11268096,221.550,17.560
701.695,529059840,11268096,221.620,17.560
701.896,529059840,11268096,221.690,17.560
702.097,529059840,11268096,221.750,17.570
702.297,529059840,11268096,221.820,17.570
702.498,529059840,11268096,221.890,17.570
702.699,529059840,11268096,221.960,17.570
702.899,529059840,11268096,222.020,17.580
703.100,529059840,11268096,222.070,17.590
703.300,529059840,11268096,222.150,17.590
703.501,529059840,11268096,222.210,17.590
703.702,529059840,11268096,222.290,17.590
703.902,529059840,11268096,222.350,17.590
704.103,529059840,11268096,222.410,17.590
704.303,529059840,11268096,222.490,17.600
704.504,529059840,11268096,222.550,17.600
704.705,529059840,11268096,222.610,17.610
704.905,529059840,11268096,222.680,17.610
705.106,529059840,11268096,222.750,17.610
705.307,529059840,11268096,222.790,17.610
705.507,529059840,11268096,222.870,17.620
705.708,529059840,11268096,222.930,17.620
705.909,529059840,11268096,223.000,17.620
706.109,529059840,11268096,223.080,17.620
706.310,529059840,11268096,223.130,17.630
706.511,529059840,11268096,223.210,17.630
706.711,529059840,11268096,223.270,17.630
706.912,529059840,11268096,223.340,17.630
707.113,529059840,11268096,223.420,17.640
707.314,529059840,11268096,223.490,17.640
707.515,529059840,11268096,223.560,17.650
707.715,529059840,11268096,223.610,17.650
707.916,529059840,11268096,223.690,17.650
708.116,529059840,11268096,223.760,17.660
708.317,529059840,11268096,223.810,17.660
708.518,529059840,11268096,223.890,17.660
708.718,529059840,11268096,223.960,17.670
708.919,529059840,11268096,224.040,17.670
709.120,529059840,11268096,224.110,17.670
709.320,529059840,11268096,224.180,17.670
709.521,529059840,11268096,224.240,17.670
709.722,529059840,11268096,224.310,17.680
709.923,529059840,11268096,224.390,17.680
710.124,529059840,11268096,224.450,17.680
710.324,529059840,11268096,224.520,17.680
710.525,529059840,11268096,224.590,17.690
710.726,529059840,11268096,224.650,17.700
710.927,529059840,11268096,224.720,17.700
711.127,529059840,11268096,224.780,17.700
711.328,529059840,11268096,224.840,17.700
711.529,529059840,11268096,224.900,17.700
711.729,529059840,11268096,224.990,17.700
711.930,529059840,11268096,225.060,17.710
712.131,529059840,11268096,225.130,17.720
712.332,529059840,11268096,225.200,17.720
712.532,529059840,11268096,225.260,17.720
712.733,529059840,11268096,225.340,17.730
712.934,529059840,11268096,225.410,17.730
713.134,529059840,11268096,225.490,17.730
713.335,529059840,11268096,225.560,17.740
713.536,529059840,11268096,225.630,17.740
713.736,529059840,11268096,225.690,17.740
713.937,529059840,11268096,225.730,17.740
714.138,529059840,11268096,225.800,17.740
714.338,529059840,11268096,225.860,17.750
714.539,529059840,11268096,225.910,17.750
714.740,529059840,11268096,225.980,17.750
714.940,529059840,11268096,226.030,17.750
715.141,529059840,11268096,226.100,17.760
715.341,529059840,11268096,226.140,17.760
715.541,529059840,11268096,226.190,17.760
715.742,529059840,11268096,226.260,17.760
715.942,529059840,11268096,226.310,17.770
716.143,529059840,11268096,226.350,17.770
716.344,529059840,11268096,226.420,17.770
716.544,529059840,11268096,226.460,17.770
716.745,529059840,11268096,226.520,17.780
716.946,529059840,11268096,226.590,17.780
717.146,529059840,11268096,226.660,17.790
717.347,529059840,11268096,226.700,17.790
717.548,529059840,11268096,226.770,17.790
717.748,529059840,11268096,226.830,17.790
717.949,529059840,11268096,226.910,17.800
718.150,529059840,11268096,226.970,17.800
718.351,529059840,11268096,227.040,17.800
718.551,529059840,11268096,227.110,17.800
718.752,529059840,11268096,227.180,17.800
718.952,529059840,11268096,227.240,17.800
719.153,529059840,11268096,227.290,17.810
719.354,529059840,11268096,227.350,17.810
719.554,529059840,11268096,227.420,17.820
719.755,529059840,11268096,227.490,17.820
719.955,529059840,11268096,227.560,17.820
720.156,529059840,11268096,227.600,17.820
720.357,529059840,11268096,227.680,17.820
720.558,529059840,11268096,227.750,17.830
720.759,529059840,11268096,227.820,17.830
720.959,529059840,11268096,227.890,17.830
721.160,529059840,11268096,227.950,17.830
721.361,529059840,11268096,228.030,17.840
721.561,529059840,11268096,228.110,17.840
721.766,529059840,11268096,228.150,17.840
721.967,529059840,11268096,228.180,17.840
722.167,529059840,11268096,228.220,17.840
722.368,529059840,11268096,228.290,17.850
722.568,529059840,11268096,228.350,17.850
722.769,529059840,11268096,228.410,17.850
722.970,529059840,11268096,228.470,17.850
723.170,529059840,11268096,228.550,17.870
723.371,529059840,11268096,228.630,17.870
723.572,529059840,11268096,228.700,17.870
723.773,529059840,11268096,228.760,17.870
723.973,529059840,11268096,228.830,17.870
724.174,529059840,11268096,228.910,17.870
724.375,529059840,11268096,228.970,17.870
724.575,529059840,11268096,229.050,17.880
724.776,529059840,11268096,229.110,17.880
724.977,529059840,11268096,229.180,17.890
725.178,529059840,11268096,229.250,17.890
725.378,529059840,11268096,229.310,17.890
725.579,529059840,11268096,229.380,17.890
725.779,529059840,11268096,229.440,17.900
725.980,529059840,11268096,229.520,17.900
726.181,529059840,11268096,229.580,17.910
726.381,529059840,11268096,229.650,17.910
726.582,529059840,11268096,229.720,17.910
726.783,529059840,11268096,229.790,17.910
726.983,529059840,11268096,229.860,17.920
727.184,529059840,11268096,229.940,17.920
727.385,529059840,11268096,230.010,17.920
727.585,529059840,11268096,230.080,17.920
727.786,529059840,11268096,230.140,17.930
727.987,529059840,11268096,230.210,17.930
728.188,529059840,11268096,230.280,17.930
728.388,529059840,11268096,230.360,17.930
728.589,529059840,11268096,230.420,17.940
728.790,529059840,11268096,230.490,17.940
728.991,529059840,11268096,230.560,17.940
729.191,529059840,11268096,230.630,17.940
729.392,529059840,11268096,230.710,17.960
729.593,529059840,11268096,230.760,17.960
729.793,529059840,11268096,230.850,17.960
729.994,529059840,11268096,230.920,17.960
730.195,529059840,11268096,230.980,17.960
730.395,529059840,11268096,231.050,17.960
730.596,529059840,11268096,231.130,17.970
730.797,529059840,11268096,231.200,17.980
730.997,529059840,11268096,231.270,17.980
731.198,529059840,11268096,231.340,17.980
731.399,529059840,11268096,231.410,17.980
731.599,529059840,11268096,231.480,17.980
731.800,529059840,11268096,231.550,17.990
732.001,529059840,11268096,231.620,18.000
732.202,529059840,11268096,231.680,18.000
732.402,529059840,11268096,231.730,18.000
732.603,529059840,11268096,231.800,18.000
732.804,529059840,11268096,231.850,18.000
733.004,529059840,11268096,231.930,18.000
733.205,529059840,11268096,232.000,18.000
733.406,529059840,11268096,232.060,18.000
733.607,529059840,11268096,232.130,18.010
733.807,529059840,11268096,232.190,18.010
734.008,529059840,11268096,232.250,18.010
734.208,529059840,11268096,232.330,18.030
734.409,529059840,11268096,232.390,18.030
734.610,529059840,11268096,232.470,18.030
734.811,529059840,11268096,232.530,18.030
735.011,529059840,11268096,232.600,18.030
735.212,529059840,11268096,232.670,18.040
735.413,529059840,11268096,232.740,18.040
735.613,529059840,11268096,232.790,18.040
735.814,529059840,11268096,232.850,18.040
736.015,529059840,11268096,232.920,18.050
736.215,529059840,11268096,232.980,18.060
736.416,529059840,11268096,233.050,18.060
736.617,529059840,11268096,233.130,18.060
736.817,529059840,11268096,233.190,18.060
737.018,529059840,11268096,233.230,18.060
737.218,529059840,11268096,233.300,18.060
737.419,529059840,11268096,233.370,18.060
737.620,529059840,11268096,233.430,18.070
737.820,529059840,11268096,233.500,18.080
738.021,529059840,11268096,233.570,18.080
738.222,529059840,11268096,233.630,18.080
738.423,529059840,11268096,233.700,18.080
738.623,529059840,11268096,233.770,18.080
738.824,529059840,11268096,233.820,18.090
739.025,529059840,11268096,233.890,18.090
739.226,529059840,11268096,233.960,18.090
739.426,529059840,11268096,234.030,18.100
739.627,529059840,11268096,234.090,18.100
739.828,529059840,11268096,234.160,18.100
740.028,529059840,11268096,234.220,18.100
740.229,529059840,11268096,234.290,18.100
740.430,529059840,11268096,234.360,18.110
740.630,529059840,11268096,234.440,18.110
740.831,529059840,11268096,234.510,18.110
741.032,529059840,11268096,234.570,18.110
741.232,529059840,11268096,234.640,18.120
741.433,529059840,11268096,234.700,18.130
741.634,529059840,11268096,234.770,18.130
741.835,529059840,11268096,234.840,18.130
742.036,529059840,11268096,234.900,18.130
742.236,529059840,11268096,234.980,18.140
742.437,529059840,11268096,235.050,18.140
742.638,529059840,11268096,235.110,18.140
742.838,529059840,11268096,235.160,18.140
743.039,529059840,11268096,235.230,18.150
743.240,529059840,11268096,235.310,18.160
743.440,529059840,11268096,235.370,18.160
743.641,529059840,11268096,235.440,18.160
743.842,529059840,11268096,235.510,18.160
744.042,529059840,11268096,235.580,18.170
744.243,529059840,11268096,235.650,18.170
744.444,529059840,11268096,235.720,18.170
744.645,529059840,11268096,235.790,18.170
744.845,529059840,11268096,235.850,18.170
745.046,529059840,11268096,235.920,18.180
745.247,529059840,11268096,235.990,18.190
745.447,529059840,11268096,236.060,18.190
745.648,529059840,11268096,236.100,18.190
745.848,529059840,11268096,236.170,18.190
746.049,529059840,11268096,236.240,18.190
746.250,529059840,11268096,236.300,18.190
746.450,529059840,11268096,236.370,18.200
746.651,529059840,11268096,236.430,18.210
746.852,529059840,11268096,236.500,18.210
747.052,529059840,11268096,236.570,18.210
747.253,529059840,11268096,236.630,18.210
747.454,529059840,11268096,236.700,18.220
747.654,529059840,11268096,236.750,18.220
747.855,529059840,11268096,236.830,18.220
748.056,529059840,11268096,236.900,18.220
748.256,529059840,11268096,236.960,18.230
748.457,529059840,11268096,237.050,18.230
748.658,529059840,11268096,237.110,18.230
748.859,529059840,11268096,237.190,18.230
749.059,529059840,11268096,237.250,18.230
749.260,529059840,11268096,237.320,18.240
749.461,529059840,11268096,237.400,18.250
749.661,529059840,11268096,237.470,18.250
749.862,529059840,11268096,237.530,18.250
750.063,529059840,11268096,237.600,18.250
750.263,529059840,11268096,237.670,18.250
750.464,529059840,11268096,237.740,18.250
750.665,529059840,11268096,237.800,18.260
750.865,529059840,11268096,237.880,18.270
751.066,529059840,11268096,237.940,18.270
751.267,529059840,11268096,238.010,18.270
751.467,529059840,11268096,238.080,18.270
751.668,529059840,11268096,238.150,18.270
751.869,529059840,11268096,238.210,18.280
752.070,529059840,11268096,238.280,18.280
752.270,529059840,11268096,238.370,18.280
752.471,529059840,11268096,238.430,18.290
752.671,529059840,11268096,238.470,18.290
752.872,529059840,11268096,238.540,18.290
753.072,529059840,11268096,238.610,18.290
753.273,529059840,11268096,238.680,18.290
753.474,529059840,11268096,238.740,18.300
753.674,529059840,11268096,238.820,18.310
753.875,529059840,11268096,238.880,18.310
754.076,529059840,11268096,238.960,18.310
754.276,529059840,11268096,239.030,18.310
754.477,529059840,11268096,239.090,18.310
754.678,529059840,11268096,239.140,18.320
754.878,529059840,11268096,239.220,18.320
755.079,529059840,11268096,239.290,18.320
755.280,529059840,11268096,239.350,18.330
755.480,529059840,11268096,239.420,18.330
755.681,529059840,11268096,239.480,18.330
755.881,529059840,11268096,239.540,18.340
756.082,529059840,11268096,239.620,18.340
756.283,529059840,11268096,239.690,18.340
756.483,529059840,11268096,239.760,18.340
756.684,529059840,11268096,239.830,18.340
756.885,529059840,11268096,239.900,18.350
757.085,529059840,11268096,239.960,18.350
757.286,529059840,11268096,240.030,18.350
757.487,529059840,11268096,240.100,18.360
757.687,529059840,11268096,240.170,18.360
757.888,529059840,11268096,240.240,18.360
758.089,529059840,11268096,240.290,18.370
758.289,529059840,11268096,240.360,18.370
758.490,529059840,11268096,240.430,18.370
758.691,529059840,11268096,240.490,18.370
758.892,529059840,11268096,240.560,18.370
759.092,529059840,11268096,240.610,18.380
759.293,529059840,11268096,240.690,18.380
759.494,529059840,11268096,240.740,18.380
759.694,529059840,11268096,240.810,18.390
759.895,529059840,11268096,240.880,18.390
760.096,529059840,11268096,240.950,18.390
760.296,529059840,11268096,241.030,18.390
760.497,529059840,11268096,241.080,18.400
760.698,529059840,11268096,241.160,18.400
760.898,529059840,11268096,241.230,18.410
761.099,529059840,11268096,241.290,18.410
761.300,529059840,11268096,241.360,18.410
761.500,529059840,11268096,241.420,18.410
761.701,529059840,11268096,241.450,18.410
761.902,529059840,11268096,241.520,18.420
762.102,529059840,11268096,241.600,18.420
762.303,529059840,11268096,241.670,18.420
762.503,529059840,11268096,241.740,18.420
762.704,529059840,11268096,241.820,18.430
762.904,529059840,11268096,241.870,18.440
763.105,529059840,11268096,241.940,18.440
763.306,529059840,11268096,242.010,18.440
763.507,529059840,11268096,242.080,18.440
763.707,529059840,11268096,242.140,18.450
